camera_id,camera_matrix,distortion_coefficients
1,"[[2832.6628438838216, 0.0, 1968.0272553880557], [0.0, 2855.8825480621545, 1452.810040656435], [0.0, 0.0, 1.0]]","[-0.12100428903752407, -0.054716493247621914, -0.0033433024221579243, -6.011803399688542e-06, 0.045781926585394796]"
2,"[[2855.292793016781, 0.0, 2031.7894533541553], [0.0, 2881.0734769839373, 1447.6913944790074], [0.0, 0.0, 1.0]]","[-0.11559555406536047, -0.08204727579183725, -0.0014575310792852196, -9.091755738331913e-05, 0.09918960513471031]"
3,"[[2832.88718694667, 0.0, 2027.3101376941806], [0.0, 2857.5529688242154, 1492.5272084030742], [0.0, 0.0, 1.0]]","[-0.12725704527417409, -0.02928287723648356, -0.003002611873808373, -0.0008914728701532138, 0.02515944404058419]"
4,"[[2827.300073606339, 0.0, 1993.2574097262354], [0.0, 2852.2438974589363, 1443.3722632010733], [0.0, 0.0, 1.0]]","[-0.10503180452618159, -0.116551286948027, -0.0029062439353091346, -0.0010174323951853816, 0.11141675034675427]"
5,"[[2833.277965760987, 0.0, 2009.7572163743287], [0.0, 2858.7736950651392, 1407.9866181636053], [0.0, 0.0, 1.0]]","[-0.12400110807193415, -0.043131654100972555, -0.003115796934186425, -0.0006848557959985216, 0.03604454414920244]"
6,"[[2825.1480807147805, 0.0, 2061.852601572974], [0.0, 2850.606508156248, 1458.5627645450384], [0.0, 0.0, 1.0]]","[-0.09747574682920097, -0.13276029739730982, -0.0029275610442781445, 0.0005606131205602907, 0.13559718374741433]"
7,"[[2860.132333053842, 0.0, 1996.5324747325658], [0.0, 2859.837762706386, 1485.6514664319025], [0.0, 0.0, 1.0]]","[-0.11674074258546731, -0.06214337636602943, -0.0014266044850704041, -0.0013013642838957408, 0.0502950741249655]"
8,"[[2867.2982938216473, 0.0, 1983.9311513631346], [0.0, 2890.056779509896, 1428.4814876862201], [0.0, 0.0, 1.0]]","[-0.12199484975259274, -0.03951011278692848, -0.001633344731768525, -0.00020495583752711251, 0.022525319673121158]"
9,"[[2859.9354755748, 0.0, 1990.2981354427222], [0.0, 2883.2352804887632, 1432.5285763025402], [0.0, 0.0, 1.0]]","[-0.12168864033465875, -0.042285098393722034, -0.003014688977567127, 0.0004227324095842189, 0.020631994125100254]"
10,"[[2841.3712142828917, 0.0, 2004.355023481056], [0.0, 2863.7600731700495, 1476.2484742699291], [0.0, 0.0, 1.0]]","[-0.12522768463073414, -0.03655398418155435, -0.0016834701843602728, 0.00031500872322268533, 0.033920993967001614]"
11,"[[2855.214458140686, 0.0, 1975.9404638306894], [0.0, 2881.198016892831, 1432.810609827023], [0.0, 0.0, 1.0]]","[-0.10014835288043915, -0.11623296677283777, -0.0013661003169052597, 0.0002913857827530041, 0.10317095756502268]"
