image_id,size
102744,108.75201147565042
121799,96.97422337920526
102751,78.59389289251423
121933,170.97953093864774
102753,77.28518616138541
121794,121.17342943071307
102754,79.51729371652434
121796,127.62444906835053
121791,191.01047091717248
121792,128.68954891520912
101284,106.80823938254952
121797,119.69126952288542
121800,95.60857702110204
121795,123.30855606972291
121793,124.53112060846478
121801,95.28903399657277
121802,92.14662229295223
101259,218.65955272980872
101260,222.36006835760776
101261,225.0222211249369
101262,227.81571499789035
101263,230.2064291022299
101264,234.2007685726074
101265,236.64319132398464
101266,135.06294828708576
101267,133.5514881983724
101268,133.00751858447703
101269,133.41664064126334
101270,132.90221969553406
101271,132.27622613304328
101273,131.28594745821047
101274,131.34306224540373
101275,105.67875850898325
101276,105.64563407921787
101277,105.01904589168576
101278,104.9047186736612
101279,104.89041900955492
101280,104.94284158531252
101281,105.00476179678711
101282,105.9103394386025
101283,106.62082348209472
101285,107.2706856508338
101286,108.11105401391663
101287,108.85311203635843
101288,109.43034314119645
101290,108.8852607105296
102533,197.06090429103384
102534,190.4258385828982
102535,203.43549346168678
102536,209.78798821667556
102537,129.34063553268942
102538,129.38701635017324
102539,121.49485585818027
102540,120.49896265113655
102541,121.64703037887936
102542,104.22091920531118
102543,102.79105019407089
102544,103.80751417888784
102731,232.21111084528235
102732,238.42608917649932
102733,227.22895942198917
102734,217.87381669213948
102735,222.57133687876345
102736,213.94158081121117
102737,205.87131903205943
102738,210.1261525845843
102739,201.73497465734593
102740,198.14893388560031
