image_id,x,y,confidence,predictor_version,checkpoint,created_at,gate_verdict
4878,1950.81396484375,1296.7462158203125,1.0,,,,
4901,1963.073974609375,1299.052734375,1.0,,,,
4907,1960.8355712890625,1291.5218505859375,1.0,,,,
4675,2001.45556640625,1327.26220703125,1.0,,,,dive_ineligible
78667,1976.4656982421875,1340.16015625,1.0,,,,
78668,1977.484619140625,1342.95703125,1.0,,,,
78669,1977.1553955078125,1341.6544189453125,1.0,,,,
78670,1978.0667724609373,1341.440185546875,1.0,,,,
78671,1976.8565673828125,1341.03369140625,1.0,,,,
78679,1994.0660400390625,1394.927978515625,1.0,,,,
78680,1994.16943359375,1395.09375,1.0,,,,
78681,1994.0909423828125,1393.39501953125,1.0,,,,
78682,1818.0263671875,826.3372192382812,1.0,,,,
78683,1994.0108642578125,1391.87451171875,1.0,,,,
78684,1994.3060302734373,1393.1463623046875,1.0,,,,
78686,1850.322021484375,902.7750854492188,1.0,,,,
78687,1958.6639404296875,1276.1683349609375,1.0,,,,
78688,1817.89794921875,809.791748046875,1.0,,,,
78689,1951.7452392578125,1254.1253662109375,1.0,,,,
78691,1955.3560791015625,1264.2178955078125,1.0,,,,
78694,2217.65771484375,2090.156982421875,0.0143719362094998,,,,
78695,1997.2254638671875,1407.9542236328125,1.0,,,,
78702,1908.21240234375,1106.141357421875,1.0,,,,
78707,1926.3927001953125,1167.344970703125,1.0,,,,
78709,1972.484619140625,1321.1282958984375,1.0,,,,
78710,1971.76171875,1317.2724609375,1.0,,,,
78711,1972.2318115234373,1319.7900390625,1.0,,,,
78712,1969.7640380859373,1311.8248291015625,1.0,,,,
78714,1968.973388671875,1310.0108642578125,1.0,,,,
78715,1969.1026611328125,1311.29248046875,1.0,,,,
78716,1989.23095703125,1373.2275390625,1.0,,,,
78717,1989.9334716796875,1376.5458984375,1.0,,,,
78718,2219.012939453125,2090.380859375,0.4396161735057831,,,,
78719,1991.1556396484373,1380.1517333984375,1.0,,,,
78720,1990.3773193359373,1379.43017578125,1.0,,,,
78721,1920.8359375,1212.19091796875,1.0,,,,
78722,1917.787109375,1200.353759765625,1.0,,,,
78723,1919.8447265625,1199.5802001953125,1.0,,,,
78724,1919.22705078125,1204.1591796875,1.0,,,,
78725,1918.2325439453125,1199.1429443359375,1.0,,,,
78726,1934.8570556640625,1252.8236083984375,1.0,,,,
78727,1886.9210205078125,1081.2679443359375,0.997011423110962,,,,
78728,1953.39892578125,1319.821044921875,1.0,,,,
78729,1954.2581787109373,1321.0164794921875,1.0,,,,
78730,1950.660888671875,1308.5740966796875,1.0,,,,
78731,1952.047119140625,1313.807861328125,1.0,,,,
78732,1953.9034423828125,1319.45458984375,1.0,,,,
78733,1956.2281494140625,1326.6390380859375,1.0,,,,
78734,1957.7742919921875,1330.1639404296875,1.0,,,,
78735,1957.2344970703125,1329.9903564453125,1.0,,,,
78736,1957.97314453125,1333.0704345703125,1.0,,,,
78737,1962.1234130859373,1343.267578125,1.0,,,,
78738,1961.413818359375,1341.95068359375,1.0,,,,
78739,1959.1400146484373,1335.143310546875,1.0,,,,
78740,1965.9556884765625,1352.1312255859375,1.0,,,,
78741,1977.167724609375,1391.1446533203125,0.4029010534286499,,,,
78744,2217.9599609375,2090.35546875,0.0237780418246984,,,,
78752,2217.99755859375,2090.100341796875,0.0415669418871402,,,,
78753,1957.3692626953125,1332.161865234375,1.0,,,,
78754,1956.1409912109373,1330.9105224609375,1.0,,,,
78756,1964.92626953125,1355.4849853515625,1.0,,,,
78757,1956.9013671875,1332.4976806640625,1.0,,,,
78758,1966.76171875,1357.4390869140625,1.0,,,,
78759,1967.4576416015625,1359.17529296875,1.0,,,,
78760,1966.90380859375,1357.21484375,1.0,,,,
78761,1964.718017578125,1353.1383056640625,1.0,,,,
78762,1966.820068359375,1351.69873046875,1.0,,,,
78763,1967.2744140625,1353.1900634765625,1.0,,,,
78764,1788.31640625,760.9812622070312,1.0,,,,
78768,1953.44140625,1272.8414306640625,1.0,,,,
78769,1948.582763671875,1253.9742431640625,1.0,,,,
78777,1967.1248779296875,1332.565673828125,1.0,,,,
78784,2216.392578125,2087.71630859375,0.0173484291881322,,,,
78806,2218.181884765625,2090.040771484375,0.0204905252903699,,,,
101258,1900.588623046875,1198.818115234375,1.0,,,,
101272,1932.6197509765625,1278.13525390625,1.0,,,,
101289,1943.0787353515625,1302.2899169921875,1.0,,,,
101298,1885.750732421875,1125.962890625,1.0,,,,
101299,1887.891845703125,1126.3438720703125,1.0,,,,
101300,1895.264892578125,1198.7720947265625,1.0,,,,
101313,1883.812744140625,1116.210693359375,1.0,,,,
101314,1883.3155517578125,1116.338623046875,1.0,,,,
101338,1873.5245361328125,1125.2286376953125,1.0,,,,
101348,1815.50537109375,895.9266357421875,1.0,,,,
101349,1816.022216796875,894.9035034179688,1.0,,,,
101350,1805.5687255859373,878.3809204101562,1.0,,,,
101353,1806.881103515625,877.50146484375,1.0,,,,
101358,1856.8280029296875,1060.295654296875,1.0,,,,
101364,1857.4713134765625,1058.4140625,1.0,,,,
101369,1789.892578125,832.9706420898438,1.0,,,,
101372,1764.0009765625,742.1719970703125,1.0,,,,
101405,1882.54931640625,1129.8218994140625,1.0,,,,
101407,1927.4647216796875,1279.0440673828125,1.0,,,,
101409,1822.312744140625,931.9973754882812,1.0,,,,
101422,1898.5439453125,1186.7052001953125,1.0,,,,
101436,1867.7955322265625,1090.7314453125,1.0,,,,
101443,1888.1766357421875,1156.7921142578125,1.0,,,,
101444,1863.2437744140625,1073.848876953125,1.0,,,,
101448,1893.4105224609373,1173.519775390625,1.0,,,,
102731,1966.321044921875,1224.87109375,1.0,,,,
102735,1967.8648681640625,1234.921630859375,0.0484847277402877,,,,
102736,1971.6805419921875,1243.077880859375,1.0,,,,
102737,1975.6490478515625,1251.2425537109375,0.9861297011375428,,,,
102738,1973.5264892578125,1247.2371826171875,1.0,,,,
102739,1975.562255859375,1254.938720703125,1.0,,,,
102740,1979.06884765625,1257.069091796875,0.9999539852142334,,,,
102741,2002.794189453125,1334.2655029296875,0.9999994039535522,,,,
102751,2034.743408203125,1567.004150390625,0.0835816264152526,,,,
102768,2010.640380859375,1358.985107421875,0.6268700957298279,,,,
102785,1953.5460205078125,1178.5589599609375,0.972436547279358,,,,
102956,1922.7847900390625,1113.978759765625,1.0,,,,
103036,1949.2176513671875,900.811767578125,1.0,,,,
102742,2002.96240234375,1332.1734619140625,1.0,,,,
102753,2016.2236328125,1375.3734130859375,1.0,,,,
102763,2004.7305908203125,1344.0369873046875,0.1070478931069374,,,,
102772,2013.7628173828125,1371.91455078125,0.1880096197128296,,,,
102777,2016.34375,1381.16552734375,0.6719135642051697,,,,
102786,1992.01123046875,1307.155029296875,1.0,,,,
102872,1909.2449951171875,1054.3656005859375,1.0,,,,
103008,1976.790283203125,1274.11376953125,0.9991452693939208,,,,
103043,1985.07861328125,1304.3377685546875,1.0,,,,
118239,1969.4783935546875,1379.5966796875,1.0,,,,
102743,1918.571533203125,1602.4832763671875,0.0259654074907302,,,,
102754,2015.1851806640625,1372.0565185546875,1.0,,,,
102764,2005.94140625,1343.5352783203125,1.0,,,,
102773,1259.2652587890625,1981.922119140625,0.0165545120835304,,,,
102779,2449.454833984375,2042.86474609375,0.6489410996437073,,,,
102804,1983.6541748046875,1281.2967529296875,1.0,,,,
102914,1981.6280517578125,1287.40087890625,1.0,,,,
103019,2070.255859375,1270.9798583984375,0.3234752416610718,,,,
118212,1924.2633056640625,1294.1917724609375,1.0,,,,
102744,1934.052001953125,1577.4842529296875,0.0348621159791946,,,,
102756,2029.386962890625,1508.6148681640625,0.0772468000650405,,,,
102765,1118.0791015625,2165.27734375,0.150612011551857,,,,
102774,2016.9984130859373,1380.441162109375,0.0255075171589851,,,,
102778,1595.5,862.2813110351562,0.0208033435046672,,,,
102797,2382.326171875,1961.71923828125,0.0617057979106903,,,,
102841,1833.3289794921875,961.64697265625,0.0145130967721343,,,,
102969,1944.275146484375,1174.05322265625,1.0,,,,
103042,1986.4564208984373,1309.6123046875,0.999998927116394,,,,
118208,1958.9403076171875,1443.580322265625,1.0,,,,
102749,1905.3875732421875,1596.4500732421875,0.0491826832294464,,,,
102766,2010.3555908203125,1360.018798828125,0.3440250158309936,,,,
102775,2018.3138427734373,1382.161865234375,0.0765314698219299,,,,
102828,1930.1484375,1105.62353515625,1.0,,,,
102950,1928.104248046875,1126.679443359375,1.0,,,,
103035,1949.893310546875,907.7384033203124,1.0,,,,
102549,1950.900146484375,1433.1484375,1.0,,,,
102575,1953.0335693359373,1446.296142578125,1.0,,,,
102682,1969.84130859375,1490.2271728515625,0.7868783473968506,,,,
102685,1954.2562255859373,1434.7611083984375,1.0,,,,
102699,1951.8975830078125,1425.8463134765625,1.0,,,,
102701,1951.08544921875,1420.851318359375,1.0,,,,
102704,1945.5201416015625,1405.2381591796875,1.0,,,,
111912,2081.08203125,1470.302001953125,1.0,,,,
111948,2034.4659423828125,1468.0850830078125,1.0,,,,
118294,1917.95849609375,1314.547607421875,1.0,,,,
129258,1947.879150390625,1194.0225830078125,1.0,,,,
129260,1951.144287109375,1210.4937744140625,0.0392413437366485,,,,
129261,1537.5709228515625,704.6362915039062,0.0310217551887035,,,,
129262,1958.9927978515625,1232.2908935546875,0.0356188230216503,,,,
129263,1985.6212158203125,1313.552978515625,0.8959504961967468,,,,
129265,1988.774658203125,1324.9075927734375,0.734364926815033,,,,
129297,1968.9273681640625,1268.1881103515625,1.0,,,,
129305,1948.5489501953125,1209.1202392578125,1.0,,,,
129320,1959.5860595703125,1276.277587890625,0.4136555194854736,,,,
129349,1960.62646484375,1268.2392578125,1.0,,,,
129353,1945.115966796875,1222.10400390625,1.0,,,,
129356,1954.620849609375,1241.59130859375,1.0,,,,
129358,1935.7115478515625,1194.1329345703125,1.0,,,,
129359,1935.29443359375,1183.8973388671875,1.0,,,,
129364,1971.7548828125,1313.175048828125,0.5661101937294006,,,,
129365,1966.865234375,1285.888916015625,0.9997983574867249,,,,
129366,1964.0950927734373,1270.830078125,1.0,,,,
129369,1781.2490234375,1580.3311767578125,0.0318035595118999,,,,
129370,1966.3079833984373,1281.580322265625,1.0,,,,
129371,1965.21044921875,1279.10693359375,1.0,,,,
129378,1985.593994140625,1349.5665283203125,0.8172765374183655,,,,
129380,1985.3114013671875,1354.2646484375,0.0772586464881897,,,,
129381,1973.3096923828125,1319.546630859375,1.0,,,,
129382,1971.2005615234373,1305.6268310546875,1.0,,,,
129384,1972.2197265625,1316.3599853515625,1.0,,,,
129385,1966.4471435546875,1286.9813232421875,1.0,,,,
129388,1850.4747314453125,1398.0970458984375,0.139354795217514,,,,
129389,1972.5679931640625,1315.3662109375,0.3970073759555816,,,,
129390,1976.9884033203125,1317.197265625,0.4983558058738708,,,,
129392,1942.8436279296875,1212.70947265625,1.0,,,,
129152,2019.79296875,1299.7852783203125,0.7902001142501831,,,,
129153,2058.645263671875,1432.8858642578125,0.0343750044703483,,,,
129154,2059.197998046875,1438.3668212890625,0.4479674994945526,,,,
129156,2083.355712890625,1508.545654296875,1.0,,,,
129157,2082.747314453125,1506.076904296875,1.0,,,,
129158,2084.208251953125,1509.142578125,1.0,,,,
129160,2091.5458984375,1413.7969970703125,1.0,,,,
129161,2096.428466796875,1430.044677734375,1.0,,,,
129162,2101.41015625,1445.0328369140625,1.0,,,,
129163,2137.761962890625,1565.023681640625,0.9242863059043884,,,,
129164,2125.880615234375,1525.994140625,0.0564850643277168,,,,
129166,2128.168701171875,1536.9735107421875,0.999996542930603,,,,
129167,2157.602783203125,1534.8140869140625,0.9999860525131226,,,,
129168,2155.73876953125,1530.032470703125,0.457911342382431,,,,
129182,2121.2822265625,1463.7606201171875,1.0,,,,
129183,2140.513671875,1528.0245361328125,1.0,,,,
129186,2140.525146484375,1523.045166015625,0.6974248290061951,,,,
129187,2145.775634765625,1548.258544921875,1.0,,,,
129218,2456.64501953125,1333.826416015625,0.048547338694334,,,,
129219,1918.5042724609373,1064.3492431640625,0.0085147926583886,,,,
129223,2066.48681640625,1553.741455078125,0.96726793050766,,,,
129225,2043.2886962890625,1476.281494140625,1.0,,,,
129226,2060.227294921875,1535.905029296875,0.0855089426040649,,,,
129228,2069.339599609375,1563.407958984375,0.1664700806140899,,,,
129229,2069.919921875,1564.5047607421875,0.228380337357521,,,,
129232,2050.159912109375,1498.6392822265625,1.0,,,,
129234,2048.380615234375,1488.9647216796875,1.0,,,,
129235,2045.221435546875,1487.04443359375,1.0,,,,
129236,1980.7376708984373,1964.39599609375,0.01498952973634,,,,
129237,2071.477294921875,1571.366943359375,0.9967260360717772,,,,
129238,2061.59619140625,1538.8134765625,1.0,,,,
129239,2054.115966796875,1514.4727783203125,1.0,,,,
129240,2052.163330078125,1508.8526611328125,1.0,,,,
129241,2058.362060546875,1532.781005859375,1.0,,,,
129242,2030.5931396484373,1440.2484130859375,1.0,,,,
129243,2028.3509521484373,1433.8240966796875,1.0,,,,
129244,2042.7996826171875,1482.0296630859375,1.0,,,,
129245,2021.5240478515625,1416.9136962890625,0.9848157167434692,,,,
129246,2056.521240234375,1529.0635986328125,1.0,,,,
129247,2072.132568359375,1561.1282958984375,0.2584126591682434,,,,
129250,2068.861328125,1543.8748779296875,1.0,,,,
129255,2071.827392578125,1559.12353515625,0.9999984502792358,,,,
129248,2059.416015625,1517.1641845703125,1.0,,,,
129253,2070.654296875,1555.9534912109375,1.0,,,,
129249,1968.8994140625,942.0513305664062,0.0117817884311079,,,,
129254,2070.418701171875,1557.67578125,1.0,,,,
129251,2070.372314453125,1549.043701171875,1.0,,,,
129256,2069.56201171875,1555.7947998046875,0.1572435796260833,,,,
129399,2103.59326171875,1656.59814453125,0.9995089769363404,,,,
129400,2103.9677734375,1657.4073486328125,0.980807602405548,,,,
129438,2062.085693359375,1547.5802001953125,0.9997151494026184,,,,
129442,2062.172119140625,1549.8734130859375,1.0,,,,
129443,2058.381591796875,1538.301513671875,1.0,,,,
129445,2057.34375,1535.0013427734375,1.0,,,,
129446,2070.040283203125,1572.091796875,0.9999879598617554,,,,
129452,2049.597412109375,1514.7034912109375,1.0,,,,
129453,2072.01953125,1584.9654541015625,1.0,,,,
129474,2029.266845703125,1448.332763671875,1.0,,,,
118326,1945.643310546875,1351.038330078125,1.0,,,,
118342,1825.8553466796875,1297.783935546875,1.0,,,,
118357,1827.803955078125,1306.737548828125,1.0,,,,
118355,1828.1737060546875,1307.2608642578125,1.0,,,,
118558,1809.5218505859373,1303.6148681640625,1.0,,,,
118596,1820.0552978515625,1321.7083740234375,0.9999988079071044,,,,
118534,1805.1318359375,1310.4234619140625,0.9999998807907104,,,,
118539,1798.3887939453125,1282.7677001953125,1.0,,,,
118573,1103.61083984375,1437.1475830078125,0.1222539991140365,,,,
118581,1811.0572509765625,1301.9754638671875,0.9498870372772216,,,,
118585,1787.951171875,1223.0335693359375,0.9909186363220216,,,,
