bin,subsets,sessions,self_median,self_p90,self_within_target,stored_median,stored_p90,stored_within_target,frames
"(1.0, 1.1]",914,10,12.3076,52.9707,0.0142,12.3266,52.9404,0.0077,all m
"(1.1, 1.2]",14,3,0.1601,1.2620,0.0714,0.1675,1.2803,0.1429,all m
"(1.2, 1.3]",946,7,0.1167,0.2881,0.1998,0.1162,0.3038,0.2061,all m
"(1.3, 1.5]",908,6,0.0776,0.2082,0.3502,0.0759,0.2004,0.3381,all m
"(1.5, 1.75]",9675,7,0.0256,0.0830,0.7444,0.0462,0.1013,0.5486,all m
"(1.75, 2.0]",3502,6,0.0332,0.0917,0.6713,0.0428,0.0920,0.5751,all m
"(2.0, 2.5]",44645,9,0.0105,0.0384,0.9490,0.0306,0.0858,0.7472,all m
"(2.5, 3.5]",28606,3,0.0086,0.0291,0.9774,0.0356,0.0549,0.8403,all m
"(1.0, 1.1]",8,3,25.8930,52.0853,0.0000,25.8877,52.0815,0.0000,m >= 8
"(1.2, 1.3]",66,4,0.1227,0.2808,0.2576,0.1622,0.3239,0.1970,m >= 8
"(1.3, 1.5]",43,4,0.0659,0.1394,0.4419,0.0467,0.1158,0.5116,m >= 8
"(1.5, 1.75]",5627,7,0.0204,0.0632,0.8338,0.0448,0.0876,0.5884,m >= 8
"(1.75, 2.0]",1802,5,0.0316,0.0734,0.7259,0.0428,0.0736,0.5888,m >= 8
"(2.0, 2.5]",35466,9,0.0084,0.0289,0.9829,0.0284,0.0847,0.7974,m >= 8
"(2.5, 3.5]",26198,3,0.0081,0.0273,0.9859,0.0349,0.0541,0.8535,m >= 8
