clusters,design,k,fish,produced,within10,produced_lo,within10_lo,produced_hi,within10_hi,frames_in_set
predicted,varying set,1.0000,149,0.7593,0.6333,0.5976,0.4706,0.8604,0.7286,314
predicted,varying set,2.0000,84,0.9103,0.8365,0.7381,0.6944,0.9854,0.8967,249
predicted,varying set,3.0000,46,0.9565,0.9152,0.8000,0.7667,1.0000,0.9673,173
predicted,varying set,4.0000,22,1.0000,0.9636,1.0000,0.8667,1.0000,1.0000,101
predicted,varying set,5.0000,13,1.0000,1.0000,1.0000,1.0000,1.0000,1.0000,65
predicted,fixed set (>= 4 frames),1.0000,22,0.9455,0.7136,0.9294,0.4667,1.0000,0.8370,101
predicted,fixed set (>= 4 frames),2.0000,22,0.9909,0.8455,0.9824,0.6000,1.0000,0.9364,101
predicted,fixed set (>= 4 frames),3.0000,22,1.0000,0.9136,1.0000,0.7333,1.0000,0.9818,101
predicted,fixed set (>= 4 frames),4.0000,22,1.0000,0.9636,1.0000,0.8667,1.0000,1.0000,101
predicted,all frames per fish,,149,0.7852,0.7248,,,,,314
labelled,varying set,1.0000,97,0.7589,0.6153,0.6256,0.4663,0.8858,0.7423,313
labelled,varying set,2.0000,66,0.8846,0.8264,0.7544,0.7001,0.9582,0.8955,282
labelled,varying set,3.0000,45,0.9333,0.8868,0.7876,0.7030,1.0000,0.9584,240
labelled,varying set,4.0000,28,0.9286,0.9069,0.5556,0.5333,1.0000,0.9806,189
labelled,varying set,5.0000,23,0.9130,0.9002,0.3750,0.3750,1.0000,0.9911,169
labelled,varying set,6.0000,16,0.8750,0.8616,0.2857,0.2857,1.0000,0.9898,134
labelled,varying set,7.0000,10,0.9000,0.8850,0.4000,0.4000,1.0000,1.0000,98
labelled,varying set,8.0000,8,1.0000,0.9875,1.0000,0.9750,1.0000,1.0000,84
labelled,varying set,9.0000,4,1.0000,0.9844,1.0000,0.9792,1.0000,1.0000,52
labelled,varying set,10.0000,3,1.0000,0.9881,1.0000,0.9881,1.0000,0.9881,43
labelled,varying set,11.0000,3,1.0000,0.9940,1.0000,0.9940,1.0000,0.9940,43
labelled,varying set,12.0000,2,1.0000,0.9964,1.0000,0.9964,1.0000,0.9964,32
labelled,varying set,13.0000,2,1.0000,0.9991,1.0000,0.9991,1.0000,0.9991,32
labelled,varying set,14.0000,2,1.0000,1.0000,1.0000,1.0000,1.0000,1.0000,32
labelled,varying set,15.0000,2,1.0000,1.0000,1.0000,1.0000,1.0000,1.0000,32
labelled,varying set,16.0000,2,1.0000,1.0000,1.0000,1.0000,1.0000,1.0000,32
labelled,fixed set (>= 4 frames),1.0000,28,0.8731,0.7506,0.5111,0.4994,0.9451,0.8049,189
labelled,fixed set (>= 4 frames),2.0000,28,0.9185,0.8527,0.5444,0.4998,0.9913,0.9207,189
labelled,fixed set (>= 4 frames),3.0000,28,0.9286,0.8894,0.5556,0.5111,1.0000,0.9618,189
labelled,fixed set (>= 4 frames),4.0000,28,0.9286,0.9069,0.5556,0.5333,1.0000,0.9806,189
labelled,all frames per fish,,97,0.7938,0.7216,,,,,313
