camera_id,environment,half,wavelength,frames,dives,missed,found,confident_wrong
1,other,2023H2,red,23,6,0.0000,0.9565,0.0435
1,pool,2023H2,red,24,2,0.0000,1.0000,0.0000
1,reef,2023H2,red,71,15,0.0141,0.9577,0.0282
1,reef,2024H1,green,12,2,0.2500,0.7500,0.0000
1,reef,2024H1,red,14,3,0.0000,0.9286,0.0714
1,reef,2024H2,green,53,11,0.0755,0.9057,0.0189
2,other,2023H2,red,12,1,0.0000,1.0000,0.0000
2,pool,2023H2,red,29,5,0.1379,0.7931,0.0690
2,reef,2023H2,red,70,17,0.0286,0.9286,0.0429
2,reef,2024H1,green,52,6,0.1538,0.8269,0.0192
2,reef,2024H1,red,12,1,0.0000,1.0000,0.0000
2,reef,2024H2,green,58,8,0.2586,0.7241,0.0172
3,other,2023H2,red,12,1,0.0000,0.9167,0.0833
3,pool,2023H2,red,29,4,0.2069,0.6897,0.1034
3,reef,2023H2,red,64,10,0.0156,0.9375,0.0469
3,reef,2024H1,red,4,3,0.0000,1.0000,0.0000
3,reef,2024H2,green,8,2,0.2500,0.7500,0.0000
3,reef,2024H2,red,3,3,0.3333,0.6667,0.0000
4,other,2023H2,red,36,3,0.0000,0.9167,0.0833
4,pool,2023H2,red,47,7,0.1277,0.6383,0.2340
4,pool,2024H1,green,2,1,0.0000,1.0000,0.0000
4,reef,2023H2,red,31,9,0.0000,0.9355,0.0645
4,reef,2024H2,green,39,8,0.2308,0.7436,0.0256
5,other,2023H2,red,12,1,0.0000,0.5833,0.4167
5,pool,2023H2,red,33,6,0.2121,0.6061,0.1818
5,reef,2023H2,red,48,14,0.0208,0.9167,0.0625
5,reef,2024H1,green,3,1,0.0000,1.0000,0.0000
5,reef,2024H2,green,31,9,0.2903,0.7097,0.0000
6,other,2023H2,red,5,1,0.2000,0.8000,0.0000
6,pool,2023H2,red,42,7,0.0238,0.7619,0.2143
6,reef,2023H2,green,2,1,0.0000,1.0000,0.0000
6,reef,2023H2,red,47,13,0.0000,0.9787,0.0213
6,reef,2024H1,green,52,12,0.0769,0.8846,0.0385
6,reef,2024H1,red,10,1,0.0000,1.0000,0.0000
6,reef,2024H2,green,70,11,0.1429,0.8429,0.0143
10,pool,2023H2,red,37,6,0.2703,0.5405,0.1892
10,reef,2023H2,red,20,4,0.0500,0.9000,0.0500
