design,outcome,green_minus_red,ci_lo,ci_hi,red_rate,green_rate,n_red,n_green,dives_red,dives_green
"raw, per-frame label colour (T3)",missed,0.1602,0.1011,0.2218,0.0568,0.2170,774,447,149,98
"raw, per-frame label colour (T3)",found,-0.1088,-0.1891,-0.0281,0.8605,0.7517,774,447,149,98
"raw, per-frame label colour (T3)",confident-wrong,-0.0514,-0.0942,-0.0147,0.0827,0.0313,774,447,149,98
raw,missed,0.1104,0.0514,0.1765,0.0571,0.1675,735,382,143,72
raw,found,-0.0416,-0.1176,0.0314,0.8558,0.8141,735,382,143,72
raw,confident-wrong,-0.0688,-0.1060,-0.0370,0.0871,0.0183,735,382,143,72
camera x environment,missed,0.1585,0.1044,0.2168,0.0285,0.1675,421,382,96,72
camera x environment,found,-0.1348,-0.1961,-0.0720,0.9097,0.8141,421,382,96,72
camera x environment,confident-wrong,-0.0237,-0.0506,0.0007,0.0618,0.0183,421,382,96,72
camera x environment x half-year,missed,0.1247,0.0000,0.2694,0.0116,0.1349,86,126,21,23
camera x environment x half-year,found,-0.1250,-0.2745,0.0287,0.9651,0.8413,86,126,21,23
camera x environment x half-year,confident-wrong,0.0003,-0.0969,0.0382,0.0233,0.0238,86,126,21,23
stagger window 2024-03..2024-12,missed,0.1208,-0.0696,0.2099,0.0476,0.1684,21,380,9,71
stagger window 2024-03..2024-12,found,-0.0916,-0.2129,0.1471,0.9048,0.8132,21,380,9,71
stagger window 2024-03..2024-12,confident-wrong,-0.0292,-0.1840,0.0272,0.0476,0.0184,21,380,9,71
