session,method,frames,size_spread,err_deg,angle_deg,se_deg,within_target
62,sam3,20,1.73448,-0.04296,0.04490,0.04640,True
62,corners,20,1.75018,0.00512,0.01431,0.04171,True
62,sam3_all,20,1.73448,-0.04296,0.04490,0.04419,True
63,sam3,17,2.15031,0.01770,0.04206,0.02720,True
63,corners,17,2.15256,0.01351,0.04047,0.02412,True
63,sam3_all,17,2.15031,0.01770,0.04206,0.02964,True
65,sam3,28,2.93512,0.03021,0.03017,0.01074,True
65,corners,28,2.91473,0.01417,0.01416,0.01138,True
65,sam3_all,28,2.93512,0.03021,0.03017,0.01100,True
71,sam3,33,2.91990,0.03086,0.04693,0.01521,True
71,corners,33,2.88971,0.00897,0.03688,0.01729,True
71,sam3_all,33,2.91990,0.03086,0.04693,0.01497,True
77,sam3,22,2.46274,0.00698,0.01695,0.02126,True
77,corners,22,2.46478,0.01738,0.02319,0.01891,True
77,sam3_all,22,2.46274,0.00698,0.01695,0.02167,True
80,sam3,32,2.72575,0.01081,0.01103,0.02238,True
80,corners,32,2.71113,0.01479,0.01495,0.01875,True
80,sam3_all,32,2.72575,0.01081,0.01103,0.02224,True
83,sam3,26,2.19547,-0.02701,0.02832,0.02861,True
83,corners,26,2.20747,-0.02154,0.02322,0.02561,True
83,sam3_all,26,2.19547,-0.02701,0.02832,0.02712,True
87,sam3,30,2.22898,-0.01943,0.02076,0.01108,True
87,corners,30,2.18343,-0.06024,0.06064,0.01216,False
87,sam3_all,30,2.22898,-0.01943,0.02076,0.01137,True
94,sam3,21,2.15578,0.03008,0.08605,0.01693,True
94,corners,21,2.06492,-0.04196,0.09067,0.01778,True
94,sam3_all,21,2.15578,0.03008,0.08605,0.30581,True
114,sam3,24,2.24264,0.00367,0.02652,0.01887,True
114,corners,24,2.21054,-0.03769,0.04573,0.01952,True
114,sam3_all,24,2.24264,0.00367,0.02652,0.01940,True
