dive_id,environment,frames,frames_with_dot,spread,spread_robust,spread_dot,neg_frames,false_pos
1,reef,12,0,1.7721,1.7391,,5.0000,0.0000
22,reef,12,10,1.1199,1.1021,1.1199,,
23,reef,6,5,1.3470,1.3438,1.3470,,
32,reef,13,2,2.6458,1.7204,1.9452,,
51,pool,9,7,3.0303,2.4868,3.0303,,
52,pool,9,5,2.4200,2.1732,2.4200,,
53,pool,9,5,2.7855,2.5081,2.7831,,
55,pool,9,7,2.6485,2.6287,2.6485,,
56,pool,8,6,2.8418,2.4761,2.8418,,
57,pool,9,8,2.5702,1.8378,2.1042,,
62,pool,34,20,2.2009,2.0535,1.7366,,
63,pool,36,20,2.9229,2.7693,2.1781,,
65,pool,39,32,2.9564,2.7780,2.9564,,
71,pool,53,39,2.9244,2.8099,2.9191,,
77,pool,124,24,5.6923,3.0391,2.4618,,
80,pool,48,35,2.7373,2.5993,2.7287,,
83,pool,49,27,2.3884,2.3476,2.1969,,
87,reef,38,30,2.2551,2.1983,2.2311,375.0000,1.0000
94,reef,28,21,2.1564,2.1090,2.1564,336.0000,0.0000
95,reef,12,0,2.9809,2.1405,,5.0000,0.0000
103,reef,18,17,1.0255,1.0234,1.0255,197.0000,0.0000
107,reef,19,18,1.0081,1.0048,1.0081,180.0000,0.0000
114,reef,33,29,2.2422,2.2286,2.2422,341.0000,0.0000
116,reef,1,1,,,,,
118,reef,2,2,1.7349,,1.7349,,
125,reef,4,3,1.5829,,1.3285,,
129,reef,3,2,3.1059,,2.9594,,
133,reef,1,0,,,,,
137,reef,10,0,2.8590,2.8176,,9.0000,0.0000
145,reef,4,3,1.3447,,1.3447,,
160,reef,1,0,,,,1.0000,0.0000
164,reef,1,1,,,,2.0000,0.0000
172,reef,1,0,,,,1.0000,0.0000
179,reef,1,0,,,,,
182,reef,3,2,1.6449,,1.6449,,
183,reef,3,1,1.6269,,,,
186,reef,1,0,,,,1.0000,0.0000
187,reef,37,16,2.5528,2.1459,2.4710,2.0000,0.0000
192,reef,1,0,,,,,
194,reef,2,1,1.8436,,,,
204,reef,1,0,,,,,
205,reef,4,4,1.9885,,1.9885,,
225,reef,4,4,2.3090,,2.3090,,
227,reef,111,49,4.3894,3.3094,3.8979,16.0000,0.0000
231,reef,1,0,,,,,
237,reef,1,0,,,,,
240,reef,3,0,3.3450,,,,
244,reef,2,1,2.1456,,,,
249,reef,1,0,,,,,
250,other,4,1,1.2776,,,,
252,reef,4,0,1.8810,,,,
253,reef,2,1,1.4100,,,1.0000,0.0000
254,reef,1,0,,,,,
257,reef,1,0,,,,,
262,reef,7,6,1.7985,1.5417,1.6486,5.0000,0.0000
263,reef,3,0,1.3247,,,,
268,reef,3,1,2.5825,,,1.0000,0.0000
269,reef,4,2,1.6664,,1.2016,,
279,reef,57,8,4.6288,3.3385,2.0725,98.0000,0.0000
280,reef,1,0,,,,,
284,reef,3,2,1.9939,,1.9939,,
286,reef,20,17,2.9338,2.8767,2.9338,11.0000,0.0000
289,reef,2,0,1.1288,,,,
290,reef,3,2,2.8588,,1.4420,,
294,other,2,0,1.9111,,,,
305,reef,1,1,,,,1.0000,0.0000
316,other,1,1,,,,,
317,other,3,0,1.4863,,,,
319,reef,3,0,1.2991,,,,
320,other,2,2,1.5177,,1.5177,,
329,reef,4,3,1.8753,,1.5173,,
332,reef,1,1,,,,,
334,reef,1,1,,,,,
340,reef,5,1,3.6010,2.8889,,,
341,reef,35,30,2.2583,2.1558,2.2583,155.0000,0.0000
343,reef,5,0,1.6874,1.5992,,,
344,reef,3,2,1.4583,,1.1489,1.0000,0.0000
346,reef,2,1,2.9473,,,,
347,reef,28,14,3.1203,2.8986,3.0869,265.0000,0.0000
348,reef,7,1,1.8196,1.6110,,,
349,reef,12,12,2.0397,1.9515,2.0397,162.0000,0.0000
350,reef,4,3,2.0508,,2.0219,1.0000,0.0000
353,reef,4,0,1.5152,,,,
358,reef,4,1,1.8902,,,,
360,reef,2,0,2.0005,,,,
361,reef,2,0,1.0903,,,,
363,reef,3,0,1.6187,,,,
364,reef,6,0,1.4145,1.3878,,1.0000,0.0000
369,reef,3,1,3.0421,,,5.0000,0.0000
374,reef,2,0,2.5614,,,,
376,reef,4,0,1.9277,,,,
378,reef,1,0,,,,,
379,reef,2,0,1.3556,,,,
381,pool,1,0,,,,,
383,reef,9,2,4.7689,2.7937,2.4689,21.0000,0.0000
384,reef,1,0,,,,,
385,reef,1,0,,,,,
386,reef,2,1,2.2326,,,,
387,reef,1,0,,,,,
388,reef,2,0,1.7420,,,,
389,reef,5,0,2.7957,2.1019,,,
391,reef,2,0,1.6022,,,,
393,reef,2,0,1.0176,,,,
394,reef,3,0,1.6951,,,,
395,reef,1,0,,,,1.0000,0.0000
396,reef,1,0,,,,,
397,reef,1,0,,,,,
400,reef,1,0,,,,,
402,reef,1,0,,,,,
406,reef,1,0,,,,,
408,reef,2,0,1.7159,,,,
409,reef,1,0,,,,,
410,reef,2,0,1.0040,,,1.0000,0.0000
412,reef,1,0,,,,,
413,reef,4,0,2.6146,,,,
414,reef,2,0,1.9628,,,,
415,reef,1,0,,,,,
416,reef,1,0,,,,,
419,reef,7,1,1.4958,1.4641,,,
427,reef,31,3,4.0470,2.1301,1.0225,56.0000,0.0000
428,reef,4,0,1.9722,,,,
429,reef,3,0,2.3560,,,,
430,reef,1,0,,,,,
431,reef,2,0,1.1506,,,,
433,reef,1,0,,,,,
434,reef,2,0,1.3826,,,,
435,reef,3,0,2.3897,,,,
436,reef,16,12,2.1449,2.0094,2.0642,5.0000,0.0000
438,reef,2,0,1.6317,,,,
439,reef,1,0,,,,,
440,reef,1,0,,,,,
441,reef,4,1,2.5350,,,,
444,reef,3,0,1.3403,,,,
446,reef,1,0,,,,,
447,reef,1,0,,,,1.0000,0.0000
449,reef,3,0,2.1336,,,1.0000,0.0000
450,reef,3,0,2.2662,,,2.0000,0.0000
452,reef,1,0,,,,1.0000,0.0000
453,reef,2,0,1.0092,,,,
454,reef,1,0,,,,,
455,reef,2,0,4.0893,,,,
456,reef,1,0,,,,,
458,reef,1,0,,,,,
459,reef,1,0,,,,,
460,reef,1,1,,,,,
461,reef,1,0,,,,1.0000,0.0000
462,reef,1,0,,,,,
463,reef,1,0,,,,,
464,reef,1,1,,,,,
465,reef,12,3,2.3377,2.2631,2.1466,127.0000,0.0000
466,reef,12,0,3.9529,2.7871,,95.0000,0.0000
467,reef,2,1,1.2290,,,,
468,reef,1,1,,,,,
469,reef,1,0,,,,,
470,reef,2,2,1.7639,,1.7639,1.0000,0.0000
471,reef,5,2,3.1272,2.4666,2.3598,74.0000,0.0000
472,reef,2,1,1.0385,,,,
473,reef,3,0,1.6716,,,2.0000,0.0000
475,reef,1,0,,,,1.0000,0.0000
476,reef,2,1,1.7134,,,,
478,reef,2,0,1.0558,,,,
479,reef,3,3,1.1252,,1.1252,,
510,pool,2,0,1.0357,,,25.0000,0.0000
525,reef,6,0,2.3353,1.9791,,,
526,reef,20,18,1.2135,1.0379,1.0334,191.0000,0.0000
