key,image_id,variant,truth,dive,pred,prob
101293_sam,101293,sam,Lachnolaimus maximus,341,Lachnolaimus maximus,0.19586243447950002
101294_sam,101294,sam,Lachnolaimus maximus,341,Lachnolaimus maximus,0.2039757880810349
101295_sam,101295,sam,Lachnolaimus maximus,341,Lachnolaimus maximus,0.214512207386763
101296_sam,101296,sam,Lachnolaimus maximus,341,Lachnolaimus maximus,0.21195368964038436
101297_sam,101297,sam,Lachnolaimus maximus,341,Lachnolaimus maximus,0.21170412421793328
101303_sam,101303,sam,Lachnolaimus maximus,341,Lachnolaimus maximus,0.12096403287279892
101304_sam,101304,sam,Lachnolaimus maximus,341,Lachnolaimus maximus,0.1339604684045984
101305_sam,101305,sam,Lachnolaimus maximus,341,Lachnolaimus maximus,0.1209453014429064
101306_sam,101306,sam,Lachnolaimus maximus,341,Lachnolaimus maximus,0.13389092538205696
101307_sam,101307,sam,Lachnolaimus maximus,341,Lachnolaimus maximus,0.14582898389736926
101308_sam,101308,sam,Lachnolaimus maximus,341,Lachnolaimus maximus,0.1531311709961662
101309_sam,101309,sam,Lachnolaimus maximus,341,Lachnolaimus maximus,0.12933777133387112
101310_sam,101310,sam,Lachnolaimus maximus,341,Lachnolaimus maximus,0.10615803713254268
101311_sam,101311,sam,OTHER,341,Mycteroperca bonaci,0.11156072499776055
101312_sam,101312,sam,OTHER,341,Lutjanus analis,0.12646110005967548
101315_sam,101315,sam,OTHER,341,Lutjanus analis,0.11662785155507911
101316_sam,101316,sam,OTHER,341,Lutjanus analis,0.12657076466923345
101317_sam,101317,sam,OTHER,341,Lutjanus analis,0.12229963546030329
101318_sam,101318,sam,OTHER,341,Lutjanus analis,0.12000551528349719
101320_sam,101320,sam,OTHER,341,Lutjanus analis,0.1323293185656973
101321_sam,101321,sam,OTHER,341,Lutjanus analis,0.1456777231496395
101322_sam,101322,sam,OTHER,341,Lutjanus analis,0.1378502007046662
101337_sam,101337,sam,Sparisoma viride,341,Sparisoma viride,0.19548264210410007
101357_sam,101357,sam,Lachnolaimus maximus,341,Lachnolaimus maximus,0.14165760792140367
101359_sam,101359,sam,Lachnolaimus maximus,341,Lachnolaimus maximus,0.13185424005434282
101360_sam,101360,sam,Lachnolaimus maximus,341,Lachnolaimus maximus,0.1882006378232508
101361_sam,101361,sam,Lachnolaimus maximus,341,Lachnolaimus maximus,0.18323074799349753
101362_sam,101362,sam,Lachnolaimus maximus,341,Lachnolaimus maximus,0.20073769756721282
101363_sam,101363,sam,Lachnolaimus maximus,341,Lachnolaimus maximus,0.1648977286834092
101366_sam,101366,sam,Lachnolaimus maximus,341,Lachnolaimus maximus,0.21924523784865296
101367_sam,101367,sam,Lachnolaimus maximus,341,Lachnolaimus maximus,0.203525807545009
101368_sam,101368,sam,Lachnolaimus maximus,341,Lachnolaimus maximus,0.17694594926832197
101370_sam,101370,sam,Lachnolaimus maximus,341,Lachnolaimus maximus,0.18730895907166997
101371_sam,101371,sam,Lachnolaimus maximus,341,Lachnolaimus maximus,0.20474304212340907
101374_sam,101374,sam,Sparisoma viride,341,Sparisoma viride,0.196466364718623
101375_sam,101375,sam,Sparisoma viride,341,Sparisoma viride,0.20134092330510478
101396_sam,101396,sam,Sparisoma viride,341,Sparisoma viride,0.14621198950038453
101397_sam,101397,sam,Sparisoma viride,341,Sparisoma viride,0.17339282166013187
101398_sam,101398,sam,Sparisoma viride,341,Sparisoma viride,0.18684619488041695
101399_sam,101399,sam,Sparisoma viride,341,Sparisoma viride,0.16410878513660476
101400_sam,101400,sam,Sparisoma viride,341,Sparisoma viride,0.15492937503178422
101401_sam,101401,sam,Sparisoma viride,341,Sparisoma viride,0.16118115187167034
101402_sam,101402,sam,Sparisoma viride,341,Sparisoma viride,0.1907662715334705
101403_sam,101403,sam,Sparisoma viride,341,Sparisoma viride,0.1845610812733446
101404_sam,101404,sam,Sparisoma viride,341,Sparisoma viride,0.15090005931970424
101406_sam,101406,sam,Sparisoma viride,341,Sparisoma viride,0.18326146727872336
101410_sam,101410,sam,Sparisoma viride,341,Sparisoma viride,0.17275357275815698
101411_sam,101411,sam,Sparisoma viride,341,Sparisoma viride,0.18977286244898417
101412_sam,101412,sam,Sparisoma viride,341,Sparisoma viride,0.18407696540681504
101414_sam,101414,sam,Sparisoma viride,341,Sparisoma viride,0.1902597396233428
101415_sam,101415,sam,Sparisoma viride,341,Sparisoma viride,0.18200359755174803
101416_sam,101416,sam,Sparisoma viride,341,Sparisoma viride,0.1906531482287858
101417_sam,101417,sam,Sparisoma viride,341,Sparisoma viride,0.1929780913808663
101418_sam,101418,sam,Sparisoma viride,341,Sparisoma viride,0.18359779683605285
101419_sam,101419,sam,Sparisoma viride,341,Sparisoma viride,0.18896402493945033
101421_sam,101421,sam,Sparisoma viride,341,Sparisoma viride,0.18760091700086626
101423_sam,101423,sam,Scarus guacamaia,341,Sparisoma viride,0.12815188236846214
101425_sam,101425,sam,Scarus guacamaia,341,Sparisoma viride,0.11939947140448422
101426_sam,101426,sam,Scarus guacamaia,341,Sparisoma viride,0.11910088531413872
101427_sam,101427,sam,OTHER,341,Ocyurus chrysurus,0.1187008188988963
101428_sam,101428,sam,OTHER,341,Ocyurus chrysurus,0.12721577972768758
101429_sam,101429,sam,OTHER,341,Ocyurus chrysurus,0.11658356265130711
101430_sam,101430,sam,OTHER,341,Ocyurus chrysurus,0.11534113244286638
101431_sam,101431,sam,OTHER,341,Lachnolaimus maximus,0.12490153167449634
101432_sam,101432,sam,OTHER,341,Ocyurus chrysurus,0.1329613123958885
101433_sam,101433,sam,OTHER,341,Ocyurus chrysurus,0.12900956904825042
101434_sam,101434,sam,Sparisoma viride,341,Sparisoma viride,0.17917980668470873
101437_sam,101437,sam,Sparisoma viride,341,Sparisoma viride,0.15705231018473725
101438_sam,101438,sam,Scarus guacamaia,341,Scarus coeruleus,0.11340521996924957
101440_sam,101440,sam,Scarus guacamaia,341,Scarus guacamaia,0.11149402673129519
101441_sam,101441,sam,Scarus coeruleus,341,Scarus coeruleus,0.16481828233363915
101442_sam,101442,sam,Scarus coeruleus,341,Scarus coeruleus,0.1612915104689279
101445_sam,101445,sam,Scarus coeruleus,341,Scarus coeruleus,0.16071676748439637
101446_sam,101446,sam,Scarus coeruleus,341,Scarus coeruleus,0.16284586347332097
102545_sam,102545,sam,Sparisoma viride,349,Sparisoma viride,0.16172949699140896
102547_sam,102547,sam,Sparisoma viride,349,Sparisoma viride,0.19885891080377718
102550_sam,102550,sam,Sparisoma viride,349,Sparisoma viride,0.23853116974888455
102551_sam,102551,sam,Sparisoma viride,349,Sparisoma viride,0.18245622654762722
102552_sam,102552,sam,Sparisoma viride,349,Sparisoma viride,0.16177195462320199
102553_sam,102553,sam,Sparisoma viride,349,Sparisoma viride,0.1731231948446187
102554_sam,102554,sam,Sparisoma viride,349,Sparisoma viride,0.1558718104067513
102555_sam,102555,sam,Sparisoma viride,349,Sparisoma viride,0.17472843865008256
102557_sam,102557,sam,Sparisoma viride,349,Sparisoma viride,0.19735300590126573
102559_sam,102559,sam,Lachnolaimus maximus,349,Lachnolaimus maximus,0.2203972983124861
102560_sam,102560,sam,Lachnolaimus maximus,349,Lachnolaimus maximus,0.22215412419298547
102561_sam,102561,sam,Lachnolaimus maximus,349,Lachnolaimus maximus,0.21450870610284195
102562_sam,102562,sam,Lachnolaimus maximus,349,Lachnolaimus maximus,0.22779066910252857
102563_sam,102563,sam,Lachnolaimus maximus,349,Lachnolaimus maximus,0.20763759264087406
102564_sam,102564,sam,Lachnolaimus maximus,349,Lachnolaimus maximus,0.2071281626964491
102565_sam,102565,sam,Lachnolaimus maximus,349,Lachnolaimus maximus,0.20164963695742316
102566_sam,102566,sam,Lachnolaimus maximus,349,Lachnolaimus maximus,0.20421582959171888
102567_sam,102567,sam,Lachnolaimus maximus,349,Lachnolaimus maximus,0.22183086528394225
102595_sam,102595,sam,Scarus coelestinus,349,Scarus coeruleus,0.11320793361940557
102597_sam,102597,sam,OTHER,349,Lutjanus griseus,0.1605908883562887
102598_sam,102598,sam,OTHER,349,Lutjanus griseus,0.14255271199991681
102599_sam,102599,sam,OTHER,349,Lutjanus griseus,0.13827731695959233
102600_sam,102600,sam,OTHER,349,Lutjanus griseus,0.15383514609387278
102601_sam,102601,sam,OTHER,349,Lutjanus griseus,0.1524702401992949
102602_sam,102602,sam,OTHER,349,Lutjanus griseus,0.14835265509867876
102603_sam,102603,sam,OTHER,349,Lutjanus griseus,0.13567395522816403
102604_sam,102604,sam,OTHER,349,Lutjanus griseus,0.1527111662727792
102605_sam,102605,sam,Epinephelus striatus,349,Lachnolaimus maximus,0.12073499658875601
102606_sam,102606,sam,Epinephelus striatus,349,Lachnolaimus maximus,0.13616564600892717
102607_sam,102607,sam,Epinephelus striatus,349,Lachnolaimus maximus,0.14934366558471546
102608_sam,102608,sam,Epinephelus striatus,349,Scarus coeruleus,0.12341154460362745
102609_sam,102609,sam,Epinephelus striatus,349,Epinephelus striatus,0.1386489804981806
102610_sam,102610,sam,Epinephelus striatus,349,Epinephelus striatus,0.17085492548204487
102611_sam,102611,sam,Epinephelus striatus,349,Epinephelus striatus,0.16103687647448778
102612_sam,102612,sam,Epinephelus striatus,349,Epinephelus striatus,0.1437543273079949
102613_sam,102613,sam,Epinephelus striatus,349,Epinephelus striatus,0.1595587514916672
102614_sam,102614,sam,Epinephelus striatus,349,Lachnolaimus maximus,0.14693576398350894
102615_sam,102615,sam,Mycteroperca bonaci,349,Scarus coeruleus,0.11910492898485431
102616_sam,102616,sam,Mycteroperca bonaci,349,Scarus coeruleus,0.13103615232682786
102617_sam,102617,sam,Mycteroperca bonaci,349,Mycteroperca bonaci,0.11598934452227465
102618_sam,102618,sam,Mycteroperca bonaci,349,Scarus coeruleus,0.10998474155296722
102619_sam,102619,sam,Mycteroperca bonaci,349,Scarus coeruleus,0.13143010763960528
102620_sam,102620,sam,Mycteroperca bonaci,349,Scarus coeruleus,0.13640085673216698
102621_sam,102621,sam,Mycteroperca bonaci,349,Lutjanus analis,0.1385823150667429
102623_sam,102623,sam,Mycteroperca bonaci,349,Lutjanus analis,0.13016196186135146
102624_sam,102624,sam,Mycteroperca bonaci,349,Lutjanus analis,0.13000590804560402
102627_sam,102627,sam,Lachnolaimus maximus,349,Lachnolaimus maximus,0.18175931305925774
102628_sam,102628,sam,Lachnolaimus maximus,349,Lachnolaimus maximus,0.16417101048018842
102629_sam,102629,sam,Lachnolaimus maximus,349,Lachnolaimus maximus,0.173142717138941
102630_sam,102630,sam,Lachnolaimus maximus,349,Lachnolaimus maximus,0.12428503086927696
102631_sam,102631,sam,Lachnolaimus maximus,349,Lachnolaimus maximus,0.15681330427717996
102632_sam,102632,sam,Lachnolaimus maximus,349,Lachnolaimus maximus,0.15455807920379866
102633_sam,102633,sam,Mycteroperca bonaci,349,Lutjanus analis,0.14457851120113757
102634_sam,102634,sam,Mycteroperca bonaci,349,Lutjanus analis,0.19596013616429644
102635_sam,102635,sam,Mycteroperca bonaci,349,Lutjanus analis,0.13711503702132505
102636_sam,102636,sam,Mycteroperca bonaci,349,Lutjanus griseus,0.1143992214614021
102637_sam,102637,sam,Mycteroperca bonaci,349,Mycteroperca bonaci,0.11236166820587602
102638_sam,102638,sam,Scarus guacamaia,349,Scarus coeruleus,0.1334343697263515
102639_sam,102639,sam,Scarus guacamaia,349,Scarus coeruleus,0.15335048365261897
102640_sam,102640,sam,Scarus guacamaia,349,Scarus coeruleus,0.15126860378544654
102641_sam,102641,sam,Scarus guacamaia,349,Scarus coeruleus,0.14976223422946455
102642_sam,102642,sam,Scarus guacamaia,349,Scarus coeruleus,0.13429789320118932
102643_sam,102643,sam,Scarus guacamaia,349,Scarus coeruleus,0.12213754992921783
102645_sam,102645,sam,Scarus guacamaia,349,Scarus coeruleus,0.11178792613823889
102646_sam,102646,sam,Scarus guacamaia,349,Scarus coeruleus,0.11082198700602655
102647_sam,102647,sam,Scarus guacamaia,349,Scarus coeruleus,0.10555886725984238
102648_sam,102648,sam,Scarus guacamaia,349,Scarus coeruleus,0.11380091921571023
102649_sam,102649,sam,Lachnolaimus maximus,349,Ocyurus chrysurus,0.13084600286687853
102650_sam,102650,sam,Lachnolaimus maximus,349,Lutjanus analis,0.20320181074860852
102651_sam,102651,sam,Lachnolaimus maximus,349,Lutjanus analis,0.16364161896592525
102652_sam,102652,sam,Lachnolaimus maximus,349,Lutjanus analis,0.14728867349070382
102653_sam,102653,sam,Lachnolaimus maximus,349,Lutjanus analis,0.16166780694767835
102654_sam,102654,sam,Lachnolaimus maximus,349,Lachnolaimus maximus,0.13198754580389713
102655_sam,102655,sam,Lachnolaimus maximus,349,Lachnolaimus maximus,0.18085192573121195
102656_sam,102656,sam,Lachnolaimus maximus,349,Lachnolaimus maximus,0.1721536922913727
102657_sam,102657,sam,Lachnolaimus maximus,349,Lachnolaimus maximus,0.16988192911770733
102658_sam,102658,sam,Lachnolaimus maximus,349,Lachnolaimus maximus,0.20405048298563136
102659_sam,102659,sam,Sparisoma viride,349,Sparisoma viride,0.2480998302821482
102660_sam,102660,sam,Sparisoma viride,349,Sparisoma viride,0.23053732297308083
102662_sam,102662,sam,Sparisoma viride,349,Sparisoma viride,0.24757366370490638
102663_sam,102663,sam,Sparisoma viride,349,Sparisoma viride,0.23676482449152186
102664_sam,102664,sam,Sparisoma viride,349,Sparisoma viride,0.24857466491465352
102665_sam,102665,sam,Sparisoma viride,349,Sparisoma viride,0.24377382970712577
102672_sam,102672,sam,Scarus coelestinus,349,Scarus coeruleus,0.1572939294702591
102674_sam,102674,sam,Scarus coelestinus,349,Scarus coeruleus,0.16208871255039137
102676_sam,102676,sam,Scarus coelestinus,349,Scarus coeruleus,0.14983426437153113
102678_sam,102678,sam,Scarus coelestinus,349,Scarus coeruleus,0.16007637204714312
102679_sam,102679,sam,Scarus coelestinus,349,Scarus coeruleus,0.1706099339296486
102680_sam,102680,sam,Scarus coelestinus,349,Scarus coeruleus,0.17185090253680957
102681_sam,102681,sam,Scarus coelestinus,349,Scarus coeruleus,0.17124504570661808
102767_sam,102767,sam,Sparisoma viride,347,Lutjanus analis,0.15123056611560987
102787_sam,102787,sam,OTHER,347,Lutjanus griseus,0.11984103861912258
102788_sam,102788,sam,OTHER,347,Lutjanus griseus,0.13262231525851428
102789_sam,102789,sam,OTHER,347,Lutjanus analis,0.119171634376954
102790_sam,102790,sam,OTHER,347,Lachnolaimus maximus,0.11037204640628097
102802_sam,102802,sam,Sparisoma viride,347,Sparisoma viride,0.21242888143831157
102803_sam,102803,sam,Sparisoma viride,347,Sparisoma viride,0.2317271968461352
102805_sam,102805,sam,Sparisoma viride,347,Sparisoma viride,0.22634966850501959
102806_sam,102806,sam,Sparisoma viride,347,Sparisoma viride,0.2295775014817433
102807_sam,102807,sam,Sparisoma viride,347,Sparisoma viride,0.22682551055510777
102808_sam,102808,sam,OTHER,347,Lutjanus griseus,0.10362349149875898
102809_sam,102809,sam,OTHER,347,Lutjanus analis,0.1205536535206072
102810_sam,102810,sam,OTHER,347,Lutjanus griseus,0.10598093215507223
102813_sam,102813,sam,Sparisoma viride,347,Lutjanus analis,0.12773925493204802
102814_sam,102814,sam,Sparisoma viride,347,Mycteroperca bonaci,0.11015851218290805
102816_sam,102816,sam,Sparisoma viride,347,Lutjanus analis,0.12090233169406514
102819_sam,102819,sam,Mycteroperca bonaci,347,Lutjanus analis,0.1376542768076881
102823_sam,102823,sam,Mycteroperca bonaci,347,Lutjanus analis,0.15194461114470031
102824_sam,102824,sam,Mycteroperca bonaci,347,Lutjanus analis,0.13064206861257685
102830_sam,102830,sam,OTHER,347,Lutjanus analis,0.1312974962115067
102831_sam,102831,sam,OTHER,347,Lutjanus analis,0.12171288129866419
102835_sam,102835,sam,OTHER,347,Lutjanus analis,0.14799210018200026
102836_sam,102836,sam,OTHER,347,Lutjanus analis,0.1191381831967578
102856_sam,102856,sam,Lachnolaimus maximus,347,Lachnolaimus maximus,0.20999262174945962
102857_sam,102857,sam,Lachnolaimus maximus,347,Lachnolaimus maximus,0.20215497418098
102858_sam,102858,sam,Lachnolaimus maximus,347,Lachnolaimus maximus,0.21115029257816834
102859_sam,102859,sam,Lachnolaimus maximus,347,Lachnolaimus maximus,0.20798610073971732
102860_sam,102860,sam,Lachnolaimus maximus,347,Lachnolaimus maximus,0.21217198189801398
102861_sam,102861,sam,Lachnolaimus maximus,347,Lachnolaimus maximus,0.2038777410072523
102862_sam,102862,sam,Lachnolaimus maximus,347,Lachnolaimus maximus,0.21097201753875106
102863_sam,102863,sam,Lachnolaimus maximus,347,Lachnolaimus maximus,0.20418151965852882
102864_sam,102864,sam,Lachnolaimus maximus,347,Lachnolaimus maximus,0.19866578576633528
102865_sam,102865,sam,Lachnolaimus maximus,347,Lachnolaimus maximus,0.18688419688215085
102866_sam,102866,sam,Lachnolaimus maximus,347,Lachnolaimus maximus,0.19796207413559352
102867_sam,102867,sam,Lachnolaimus maximus,347,Lachnolaimus maximus,0.20898485140159132
102868_sam,102868,sam,Lachnolaimus maximus,347,Lachnolaimus maximus,0.20572545736090275
102870_sam,102870,sam,Lachnolaimus maximus,347,Lachnolaimus maximus,0.2035807443761197
102871_sam,102871,sam,Lachnolaimus maximus,347,Lachnolaimus maximus,0.2052386925951674
102876_sam,102876,sam,Mycteroperca bonaci,347,Epinephelus itajara,0.12606728207494314
102877_sam,102877,sam,Mycteroperca bonaci,347,Epinephelus itajara,0.1250579054057741
102878_sam,102878,sam,Mycteroperca bonaci,347,Epinephelus itajara,0.12393873698066554
102879_sam,102879,sam,Mycteroperca bonaci,347,Epinephelus itajara,0.11823840678844946
102880_sam,102880,sam,Mycteroperca bonaci,347,Epinephelus itajara,0.1294593771918716
102881_sam,102881,sam,Mycteroperca bonaci,347,Epinephelus itajara,0.11180439571415803
102882_sam,102882,sam,Mycteroperca bonaci,347,Epinephelus itajara,0.134446644987015
102883_sam,102883,sam,Mycteroperca bonaci,347,Epinephelus striatus,0.13044699731571738
102884_sam,102884,sam,Mycteroperca bonaci,347,Epinephelus itajara,0.12962344396324874
102885_sam,102885,sam,Mycteroperca bonaci,347,Epinephelus itajara,0.1106588943234919
102886_sam,102886,sam,Mycteroperca bonaci,347,Epinephelus itajara,0.12986473190851378
102887_sam,102887,sam,Mycteroperca bonaci,347,Epinephelus itajara,0.1175646601866481
102888_sam,102888,sam,Mycteroperca bonaci,347,Epinephelus itajara,0.13006584851909422
102889_sam,102889,sam,Mycteroperca bonaci,347,Epinephelus itajara,0.14102692019087093
102901_sam,102901,sam,OTHER,347,Lutjanus griseus,0.13220716303333505
102902_sam,102902,sam,OTHER,347,Lutjanus griseus,0.12153549095491784
102903_sam,102903,sam,Sparisoma viride,347,Lutjanus griseus,0.11552233425592481
102904_sam,102904,sam,OTHER,347,Lutjanus griseus,0.1252162589787391
102905_sam,102905,sam,OTHER,347,Lutjanus analis,0.11860701836071923
102906_sam,102906,sam,OTHER,347,Lutjanus analis,0.14192344374656224
102907_sam,102907,sam,OTHER,347,Lutjanus analis,0.13905370343913986
102908_sam,102908,sam,OTHER,347,OTHER,0.10992653130318034
102909_sam,102909,sam,OTHER,347,Lutjanus analis,0.1306283851788192
102910_sam,102910,sam,OTHER,347,Lutjanus analis,0.1495874889897667
102911_sam,102911,sam,OTHER,347,Lutjanus analis,0.14611679229708746
102912_sam,102912,sam,OTHER,347,Lutjanus analis,0.13378558456856146
102915_sam,102915,sam,OTHER,347,Lutjanus analis,0.11774581071761406
102916_sam,102916,sam,OTHER,347,OTHER,0.11348001988366185
102917_sam,102917,sam,OTHER,347,Lutjanus griseus,0.1132351866456424
102918_sam,102918,sam,OTHER,347,Ocyurus chrysurus,0.12604486988446045
102921_sam,102921,sam,OTHER,347,Lutjanus griseus,0.1247424203431835
102922_sam,102922,sam,OTHER,347,Mycteroperca bonaci,0.10632802639361583
102923_sam,102923,sam,OTHER,347,Mycteroperca bonaci,0.11077788720289423
102924_sam,102924,sam,OTHER,347,OTHER,0.1133904873376008
102925_sam,102925,sam,OTHER,347,Epinephelus striatus,0.10155999297733449
102926_sam,102926,sam,OTHER,347,Mycteroperca bonaci,0.10076191215252803
102927_sam,102927,sam,OTHER,347,OTHER,0.11005759525092929
102928_sam,102928,sam,OTHER,347,OTHER,0.11193843569425017
102929_sam,102929,sam,OTHER,347,OTHER,0.10362508962587183
102938_sam,102938,sam,OTHER,347,Lutjanus analis,0.16582264493174492
102941_sam,102941,sam,OTHER,347,Lutjanus analis,0.1630188459707336
102943_sam,102943,sam,OTHER,347,Mycteroperca bonaci,0.10075128565159186
102944_sam,102944,sam,OTHER,347,Lutjanus analis,0.12018419509075981
102948_sam,102948,sam,OTHER,347,Scarus guacamaia,0.10399057208240933
102951_sam,102951,sam,Sparisoma viride,347,Sparisoma viride,0.21835499286491983
102953_sam,102953,sam,Sparisoma viride,347,Sparisoma viride,0.22271529897026593
102954_sam,102954,sam,Sparisoma viride,347,Sparisoma viride,0.22933776861456126
102955_sam,102955,sam,Sparisoma viride,347,Sparisoma viride,0.2222308182440116
102961_sam,102961,sam,Sparisoma viride,347,Sparisoma viride,0.20981745102553784
102964_sam,102964,sam,Lachnolaimus maximus,347,Lachnolaimus maximus,0.1676766052239577
102966_sam,102966,sam,Lachnolaimus maximus,347,Lachnolaimus maximus,0.16843449365507046
102967_sam,102967,sam,Lachnolaimus maximus,347,Lachnolaimus maximus,0.1630854779839207
102968_sam,102968,sam,Lachnolaimus maximus,347,Lachnolaimus maximus,0.17331790122926868
102970_sam,102970,sam,Lachnolaimus maximus,347,Lachnolaimus maximus,0.17311179878564328
102971_sam,102971,sam,Lachnolaimus maximus,347,Lachnolaimus maximus,0.1745862557838703
102972_sam,102972,sam,Lachnolaimus maximus,347,Lachnolaimus maximus,0.16136528574312164
102973_sam,102973,sam,Lachnolaimus maximus,347,Lachnolaimus maximus,0.16474247440985304
102974_sam,102974,sam,Lachnolaimus maximus,347,Lachnolaimus maximus,0.16670435083693833
102975_sam,102975,sam,Lachnolaimus maximus,347,Lachnolaimus maximus,0.1560909332134086
102976_sam,102976,sam,Lachnolaimus maximus,347,Lachnolaimus maximus,0.17388068942335347
102985_sam,102985,sam,Scarus coeruleus,347,Mycteroperca bonaci,0.11040813338559116
102986_sam,102986,sam,Scarus coeruleus,347,Scarus coeruleus,0.10810688852822639
102987_sam,102987,sam,Scarus coeruleus,347,Lutjanus analis,0.11553097324363114
102988_sam,102988,sam,Scarus coeruleus,347,Mycteroperca bonaci,0.11644336259553396
102989_sam,102989,sam,Scarus coeruleus,347,Lutjanus analis,0.1583252773570854
102990_sam,102990,sam,Scarus coeruleus,347,Mycteroperca bonaci,0.11611673851366698
102992_sam,102992,sam,Sparisoma viride,347,Lutjanus analis,0.09913204023574194
102993_sam,102993,sam,Sparisoma viride,347,Sparisoma viride,0.10546195299950285
102994_sam,102994,sam,Sparisoma viride,347,Lutjanus analis,0.10572371006427905
102995_sam,102995,sam,Sparisoma viride,347,Lutjanus analis,0.10281399360676327
102996_sam,102996,sam,Sparisoma viride,347,Lutjanus analis,0.10159506654603717
102997_sam,102997,sam,Sparisoma viride,347,Lutjanus analis,0.11641731120225163
103001_sam,103001,sam,Sparisoma viride,347,Sparisoma viride,0.23586134567981987
103005_sam,103005,sam,Sparisoma viride,347,Sparisoma viride,0.17461509088580773
103014_sam,103014,sam,Sparisoma viride,347,Sparisoma viride,0.11386602678732993
103016_sam,103016,sam,Sparisoma viride,347,Lutjanus analis,0.10617650497287039
103018_sam,103018,sam,Sparisoma viride,347,Mycteroperca bonaci,0.09965176687315214
111916_sam,111916,sam,Epinephelus striatus,383,Epinephelus itajara,0.14234019006706278
111919_sam,111919,sam,Epinephelus striatus,383,Epinephelus striatus,0.12474570366795168
111923_sam,111923,sam,Lachnolaimus maximus,383,Lachnolaimus maximus,0.1356637515757632
111924_sam,111924,sam,Lachnolaimus maximus,383,Lachnolaimus maximus,0.1335296962300323
111925_sam,111925,sam,Lachnolaimus maximus,383,Lachnolaimus maximus,0.18370111854682045
111926_sam,111926,sam,Epinephelus striatus,383,Epinephelus striatus,0.11722120370267292
111927_sam,111927,sam,Lachnolaimus maximus,383,Lachnolaimus maximus,0.18578406249320442
111928_sam,111928,sam,Sparisoma viride,383,Sparisoma viride,0.10493739639555649
111929_sam,111929,sam,Epinephelus striatus,383,Epinephelus striatus,0.15470139252608742
129173_sam,129173,sam,OTHER,466,Lutjanus analis,0.14695995572054024
129174_sam,129174,sam,Ocyurus chrysurus,466,OTHER,0.1160270417291369
129175_sam,129175,sam,OTHER,466,Lutjanus griseus,0.13703705878145667
129176_sam,129176,sam,Scarus coeruleus,466,Scarus coeruleus,0.14669741537352185
129177_sam,129177,sam,Scarus coeruleus,466,Scarus coeruleus,0.14632427828234146
129178_sam,129178,sam,OTHER,466,Sparisoma viride,0.12070942017120707
129179_sam,129179,sam,OTHER,466,Sparisoma viride,0.12007639368652048
129180_sam,129180,sam,OTHER,466,Lutjanus analis,0.16524234601508248
129184_sam,129184,sam,Sparisoma viride,466,Lutjanus analis,0.11834061956574177
129185_sam,129185,sam,Lachnolaimus maximus,466,Lutjanus analis,0.12830714284868935
129188_sam,129188,sam,Sparisoma viride,466,Sparisoma viride,0.12361846333636041
129190_sam,129190,sam,Sparisoma viride,466,Mycteroperca bonaci,0.11122159952752751
129191_sam,129191,sam,OTHER,466,Lutjanus analis,0.1514832292598569
129192_sam,129192,sam,Lachnolaimus maximus,466,Lachnolaimus maximus,0.19313401389114834
129193_sam,129193,sam,OTHER,466,Scarus coeruleus,0.13305411564634964
129198_sam,129198,sam,OTHER,466,OTHER,0.10390749598026786
129199_sam,129199,sam,OTHER,466,OTHER,0.10791144551451888
129200_sam,129200,sam,Lachnolaimus maximus,466,Lachnolaimus maximus,0.2331006864049233
129203_sam,129203,sam,Sparisoma viride,466,OTHER,0.12024171050929666
129205_sam,129205,sam,Epinephelus itajara,466,Epinephelus itajara,0.21046430074486702
129206_sam,129206,sam,Ocyurus chrysurus,466,Sparisoma viride,0.12736583906542326
129207_sam,129207,sam,OTHER,466,Lutjanus analis,0.14890945596588828
129209_sam,129209,sam,Scarus coeruleus,466,Scarus coeruleus,0.15288140364263056
129210_sam,129210,sam,Scarus coeruleus,466,Scarus coeruleus,0.1481874237235937
129211_sam,129211,sam,Scarus coeruleus,466,Scarus coeruleus,0.15419820097491885
129213_sam,129213,sam,OTHER,466,OTHER,0.12322691420585322
129214_sam,129214,sam,OTHER,466,OTHER,0.11937706665481079
129215_sam,129215,sam,OTHER,466,Lutjanus analis,0.12810285606026756
129216_sam,129216,sam,OTHER,466,Lutjanus analis,0.15839164164174482
129269_sam,129269,sam,Lachnolaimus maximus,465,Lutjanus analis,0.14914027707746136
129273_sam,129273,sam,Sparisoma viride,465,Lutjanus analis,0.14143806380344767
129274_sam,129274,sam,Sparisoma viride,465,Lutjanus analis,0.1604990595901129
129275_sam,129275,sam,Sparisoma viride,465,Lutjanus analis,0.15815602774948911
129276_sam,129276,sam,Sparisoma viride,465,Lutjanus analis,0.15931207825965102
129277_sam,129277,sam,Sparisoma viride,465,Sparisoma viride,0.11388074917585392
129278_sam,129278,sam,Sparisoma viride,465,Lutjanus analis,0.16174634954783187
129280_sam,129280,sam,Scarus guacamaia,465,Lutjanus analis,0.1470009254639346
129281_sam,129281,sam,Scarus guacamaia,465,Lutjanus analis,0.1561269466589577
129282_sam,129282,sam,Scarus guacamaia,465,Lutjanus analis,0.15258393771882447
129283_sam,129283,sam,Scarus guacamaia,465,Lutjanus analis,0.16559707611818847
129284_sam,129284,sam,Scarus guacamaia,465,Lutjanus analis,0.1308413495756051
129285_sam,129285,sam,Scarus guacamaia,465,Scarus guacamaia,0.13711756981423245
129286_sam,129286,sam,Sparisoma viride,465,Lutjanus analis,0.10833900877581042
129302_sam,129302,sam,Lachnolaimus maximus,465,Lachnolaimus maximus,0.10805002314295918
129339_sam,129339,sam,Epinephelus striatus,465,Lutjanus analis,0.17410946212457198
129340_sam,129340,sam,Epinephelus striatus,465,Lutjanus analis,0.1659967388693974
129342_sam,129342,sam,Lachnolaimus maximus,465,Lachnolaimus maximus,0.1600212106329077
129343_sam,129343,sam,Epinephelus striatus,465,Epinephelus striatus,0.146240456510532
129344_sam,129344,sam,Epinephelus striatus,465,Epinephelus striatus,0.1409898800162522
129345_sam,129345,sam,Epinephelus striatus,465,Lutjanus analis,0.18703209168421076
129346_sam,129346,sam,Epinephelus striatus,465,Lutjanus analis,0.1578351375661191
129355_sam,129355,sam,Lachnolaimus maximus,465,Lachnolaimus maximus,0.19300021711535129
129357_sam,129357,sam,Lachnolaimus maximus,465,Lachnolaimus maximus,0.17861122242870872
129412_sam,129412,sam,Sparisoma viride,471,Sparisoma viride,0.11109198327244364
129413_sam,129413,sam,Sparisoma viride,471,Mycteroperca bonaci,0.11526152165237007
129414_sam,129414,sam,Sparisoma viride,471,Sparisoma viride,0.12718800166865016
129415_sam,129415,sam,Sparisoma viride,471,Sparisoma viride,0.18893301595268308
129420_sam,129420,sam,Lachnolaimus maximus,471,Lachnolaimus maximus,0.20566675068449472
129421_sam,129421,sam,Lachnolaimus maximus,471,Lachnolaimus maximus,0.2194504525145733
129422_sam,129422,sam,Lachnolaimus maximus,471,Lachnolaimus maximus,0.21021702307860204
129423_sam,129423,sam,Lachnolaimus maximus,471,Lachnolaimus maximus,0.242845571518782
129425_sam,129425,sam,Lutjanus analis,471,OTHER,0.12542125924171305
129426_sam,129426,sam,OTHER,471,Mycteroperca bonaci,0.11835317936621532
129430_sam,129430,sam,Lachnolaimus maximus,471,Mycteroperca bonaci,0.11721734289269123
129437_sam,129437,sam,Lachnolaimus maximus,471,OTHER,0.11262550967179846
129440_sam,129440,sam,Epinephelus striatus,471,Epinephelus striatus,0.20349426155458045
129441_sam,129441,sam,Epinephelus striatus,471,Epinephelus striatus,0.183806298011678
129444_sam,129444,sam,Lachnolaimus maximus,471,OTHER,0.11362698678327386
129449_sam,129449,sam,Scarus guacamaia,471,OTHER,0.12005850339311733
129450_sam,129450,sam,Lutjanus analis,471,OTHER,0.1304978393631346
129457_sam,129457,sam,Lachnolaimus maximus,471,Lachnolaimus maximus,0.2619854674392454
129458_sam,129458,sam,Lachnolaimus maximus,471,Lachnolaimus maximus,0.254238430482086
129459_sam,129459,sam,Lachnolaimus maximus,471,Lachnolaimus maximus,0.1406592380859861
129460_sam,129460,sam,Lachnolaimus maximus,471,Lachnolaimus maximus,0.1377404725629485
129461_sam,129461,sam,Lachnolaimus maximus,471,Lachnolaimus maximus,0.12824287663353548
129462_sam,129462,sam,Lachnolaimus maximus,471,Lachnolaimus maximus,0.2070472958740523
1372_sam,1372,sam,Scarus coeruleus,25,Scarus coeruleus,0.14444122994695455
1373_sam,1373,sam,Scarus coeruleus,25,Scarus coeruleus,0.1493484087543769
1374_sam,1374,sam,Scarus coeruleus,25,Scarus coeruleus,0.1581920246687344
1375_sam,1375,sam,Scarus coeruleus,25,Scarus coeruleus,0.15658889695000106
1376_sam,1376,sam,Scarus coeruleus,25,Scarus coeruleus,0.15077285639929636
1377_sam,1377,sam,Scarus coeruleus,25,Scarus coeruleus,0.13470823840386645
1378_sam,1378,sam,Scarus coeruleus,25,Scarus coeruleus,0.13996460399814373
1379_sam,1379,sam,Scarus coeruleus,25,Scarus coeruleus,0.12600972218094172
1380_sam,1380,sam,Scarus coeruleus,25,Scarus coeruleus,0.12943797894785997
1381_sam,1381,sam,Scarus coeruleus,25,Scarus coeruleus,0.13269468438873336
1393_sam,1393,sam,Lachnolaimus maximus,5,Lachnolaimus maximus,0.13009028204743114
1394_sam,1394,sam,Lachnolaimus maximus,5,Lachnolaimus maximus,0.15760179829515492
1395_sam,1395,sam,Lachnolaimus maximus,5,Lachnolaimus maximus,0.1612739763569279
1396_sam,1396,sam,Lachnolaimus maximus,5,Lachnolaimus maximus,0.16338105125654706
1397_sam,1397,sam,Lachnolaimus maximus,5,Lachnolaimus maximus,0.15966301355074966
1398_sam,1398,sam,Lachnolaimus maximus,5,Lachnolaimus maximus,0.13691924436517416
1400_sam,1400,sam,Lachnolaimus maximus,5,Lachnolaimus maximus,0.12186220726668143
1401_sam,1401,sam,Lachnolaimus maximus,5,Lachnolaimus maximus,0.21049454129130366
1402_sam,1402,sam,Lachnolaimus maximus,5,Lachnolaimus maximus,0.21069477164495204
1403_sam,1403,sam,Lachnolaimus maximus,5,Lachnolaimus maximus,0.22505453981256898
1404_sam,1404,sam,Lachnolaimus maximus,5,Lachnolaimus maximus,0.20826832248616192
1405_sam,1405,sam,Lachnolaimus maximus,5,Lachnolaimus maximus,0.15738461772164902
1406_sam,1406,sam,Lachnolaimus maximus,5,Lachnolaimus maximus,0.16729968633217926
1433_sam,1433,sam,Sparisoma viride,28,Sparisoma viride,0.14556619343113347
1434_sam,1434,sam,Sparisoma viride,28,Sparisoma viride,0.1295668048670802
1435_sam,1435,sam,Sparisoma viride,28,Sparisoma viride,0.14474731975278174
1436_sam,1436,sam,Sparisoma viride,28,Sparisoma viride,0.15717836014969175
1446_sam,1446,sam,Lachnolaimus maximus,20,Lachnolaimus maximus,0.17947204488756427
1447_sam,1447,sam,Lachnolaimus maximus,20,Lachnolaimus maximus,0.167049884424383
1448_sam,1448,sam,Lachnolaimus maximus,20,Lachnolaimus maximus,0.20308223881343426
1449_sam,1449,sam,Lachnolaimus maximus,20,Lachnolaimus maximus,0.1883992873982319
1853_sam,1853,sam,OTHER,8,Lutjanus griseus,0.1322051736758142
1854_sam,1854,sam,OTHER,8,Lutjanus griseus,0.13942086925458508
1857_sam,1857,sam,Scarus coeruleus,39,Scarus coeruleus,0.13902655576848139
1858_sam,1858,sam,Scarus coeruleus,39,Scarus coeruleus,0.101296981824101
1859_sam,1859,sam,Scarus coeruleus,39,Scarus coeruleus,0.10846147469388526
1866_sam,1866,sam,Lachnolaimus maximus,16,Lachnolaimus maximus,0.16901039572965745
1867_sam,1867,sam,Lachnolaimus maximus,16,Lachnolaimus maximus,0.16353730334545474
1868_sam,1868,sam,Lachnolaimus maximus,16,Lachnolaimus maximus,0.11904925918754382
1872_sam,1872,sam,Lutjanus griseus,35,OTHER,0.12849772253496125
1873_sam,1873,sam,Lutjanus griseus,35,OTHER,0.12526161340104958
1874_sam,1874,sam,Lutjanus griseus,35,OTHER,0.13348101468921472
78700_sam,78700,sam,Lachnolaimus maximus,279,Lachnolaimus maximus,0.17706397257838974
78701_sam,78701,sam,Lachnolaimus maximus,279,Lachnolaimus maximus,0.19134004294968932
78703_sam,78703,sam,Lachnolaimus maximus,279,Lachnolaimus maximus,0.17654633042817228
78704_sam,78704,sam,Lachnolaimus maximus,279,Lachnolaimus maximus,0.17410944691684394
78705_sam,78705,sam,Lachnolaimus maximus,279,Lachnolaimus maximus,0.1703503575439717
78706_sam,78706,sam,Lachnolaimus maximus,279,Lachnolaimus maximus,0.17436905107181977
78713_sam,78713,sam,OTHER,279,Lutjanus analis,0.11689627084016077
78765_sam,78765,sam,Lachnolaimus maximus,279,Lachnolaimus maximus,0.18810481886292416
78766_sam,78766,sam,Lachnolaimus maximus,279,Lachnolaimus maximus,0.16204656562609243
78767_sam,78767,sam,Lachnolaimus maximus,279,Lachnolaimus maximus,0.17964901976453065
78770_sam,78770,sam,Lachnolaimus maximus,279,Lachnolaimus maximus,0.14621092224247215
78771_sam,78771,sam,Lachnolaimus maximus,279,Lachnolaimus maximus,0.12699734611891247
78772_sam,78772,sam,Lachnolaimus maximus,279,Lachnolaimus maximus,0.13944438617361177
78773_sam,78773,sam,Lachnolaimus maximus,279,Lachnolaimus maximus,0.13090523346489913
78776_sam,78776,sam,Lachnolaimus maximus,279,Lachnolaimus maximus,0.153723220207671
78778_sam,78778,sam,Lachnolaimus maximus,279,Lachnolaimus maximus,0.17797077275323833
78780_sam,78780,sam,Lachnolaimus maximus,279,Lachnolaimus maximus,0.13298602832407116
78781_sam,78781,sam,Lachnolaimus maximus,279,Lachnolaimus maximus,0.15266123752266864
78785_sam,78785,sam,Lachnolaimus maximus,279,Lutjanus analis,0.13911981529253978
78789_sam,78789,sam,OTHER,279,Lutjanus analis,0.1283532100599239
78790_sam,78790,sam,OTHER,279,Lutjanus analis,0.11344749632209841
78791_sam,78791,sam,OTHER,279,OTHER,0.10795286393490897
78792_sam,78792,sam,OTHER,279,Lutjanus analis,0.15984123394751457
78793_sam,78793,sam,OTHER,279,OTHER,0.10161151801954635
78794_sam,78794,sam,OTHER,279,Lutjanus analis,0.11174308176396855
78795_sam,78795,sam,OTHER,279,Lutjanus analis,0.11028078133841787
78796_sam,78796,sam,OTHER,279,OTHER,0.10181735567537602
