dive,ux,uy,line_offset,frames,pairs,pair_resid_sd,corr_with_labels,size_ratio,tv_fit,se_px,err_px,err_deg,se_deg
62,-0.2924242260597582,-0.9562886970017744,1517.8677243704478,20,127,0.009019205355237302,0.9998628600640608,1.7519325648036401,-2049.6697306530514,2.4393820087929017,1.6374301790483514,0.03291853982695482,0.049040804815430855
63,-0.29501941582677205,-0.9554912580893821,1475.1401057201338,12,35,0.004823089398509967,0.9998729012851766,2.148142236990519,-2100.751418909614,3.528634448873152,-0.10578707132026466,-0.0021267202504212626,0.07093889872452731
65,-0.3013465450598182,-0.9535146877633878,1512.5880972043208,27,201,0.00402493421096039,0.9999754595315219,2.922755267856601,-2080.229575824513,0.6468180126122454,1.2511750753997148,0.025153351316619724,0.013003488503761864
71,-0.3057928405968017,-0.9520980719651412,1536.768330385073,32,210,0.007303470954158173,0.999913553360651,2.8961384255900295,-2157.6740397126596,0.996896181714575,0.4527288387325825,0.00910156200815293,0.02004138379822875
77,-0.2993919038627484,-0.954130225860935,1430.970617960141,22,161,0.00896067410314297,0.9999261939296407,2.459745718328627,-2068.896103090631,0.9911150022031341,0.42806193684691607,0.008605663982990832,0.019925160223978552
80,-0.2826683950330824,-0.9592176908551162,1602.5495413685328,31,239,0.013233920301915078,0.9999375852800424,2.7241194626267653,-2075.529823435627,1.1328399735483887,0.363517901006162,0.007308084738634226,0.022774368192292803
83,-0.2845398005889605,-0.9586642279133996,1569.7678967991596,26,179,0.011234265922076162,0.9997893405762268,2.2053232484583347,-2048.6128366831845,1.3895043787120689,-1.8680881179848257,-0.03755563681370789,0.027934293514087417
87,-0.2913917267377676,-0.9566038164197246,1581.2545562074124,30,292,0.00784770107467131,0.9999119141359618,2.209521463790348,-2080.7146897971957,0.5440617194167215,-1.5567443333948177,-0.0312964491524315,0.010937698356915417
94,-0.2132103764385585,-0.9770063128654431,1680.9753581589105,21,133,0.00548660493751337,0.9999741227175163,2.055376984494094,-1924.1139890989657,0.8760008562059013,-2.182491518567531,-0.043876334328778056,0.01761093049489286
114,-0.4341802535770913,-0.900826013947051,1155.3625587016056,29,297,2.134763640108032,0.9813549555439585,2.1820991314050557,-2277.7855362629402,4.410715006548129,-6.4114438306569355,-0.12889427090590586,0.08867205421411405
