dive,ux,uy,line_offset,frames,size_ratio,tv_fit,se_px,err_px,err_deg
62,-0.2924242260597582,-0.9562886970017744,1517.8677243704478,20,1.7344843267022865,-2053.4441329241035,2.1980176829349163,-2.136972092003816,-0.0429612216873898
63,-0.295019415826772,-0.955491258089382,1475.1401057201338,17,2.150310904444914,-2099.7653146154457,1.4742387054438377,0.8803172228476797,0.01769770579012267
65,-0.3013465450598182,-0.9535146877633878,1512.5880972043208,28,2.9351166430464595,-2079.977850540489,0.547149173523318,1.5029003594240748,0.030213981622348764
71,-0.3057928405968017,-0.9520980719651412,1536.768330385073,33,2.9199014316654197,-2156.5917310729924,0.744576009408984,1.5350374783997722,0.030860059265512708
77,-0.2993919038627484,-0.954130225860935,1430.970617960141,22,2.462744826036051,-2068.9767392605336,1.07773736362079,0.3474257669445251,0.006984571978953346
80,-0.2826683950330824,-0.9592176908551162,1602.5495413685328,32,2.7257547255588546,-2075.355616515711,1.1063975135634272,0.5377248209219943,0.010810302729213425
83,-0.2845398005889605,-0.9586642279133996,1569.7678967991596,26,2.1954746695950362,-2048.0880521608624,1.3492217639045696,-1.3433035956627464,-0.027005483030253827
87,-0.2913917267377676,-0.9566038164197246,1581.2545562074124,30,2.228976179676667,-2080.1244034874153,0.5653894038877012,-0.9664580236144502,-0.019429461694618542
94,-0.2132103764385585,-0.9770063128654431,1680.9753581589105,21,2.1557755961724383,-1920.4350172918591,15.211605684535442,1.4964802885388053,0.03008491391501516
114,-0.4341802535770913,-0.900826013947051,1155.3625587016056,24,2.2426379732853374,-2271.1916829335787,0.9648125275052744,0.182409498704601,0.0036671208487265594
