source,dive,camera,frames,size_ratio,tv_fit,tv_stored,tv_err_px,tv_se_px,angle_vs_stored_deg,angle_ci_deg,stored_O_mm
SAM 3.1 mask,341,1,30,2.2561,-1949.0165,-1945.6426,-3.3739,1.0341,0.0722,"(np.float64(0.037), np.float64(0.109))",102.2883
SAM 3.1 mask,347,2,14,3.0850,-2002.8478,-2005.2168,2.3690,0.5262,0.1225,"(np.float64(0.117), np.float64(0.132))",101.0080
SAM 3.1 mask,349,6,12,2.0409,-2134.7237,-2136.6609,1.9372,3.5368,0.0401,"(np.float64(0.011), np.float64(0.162))",105.1714
SAM 3.1 mask,436,4,12,2.0729,-2112.1308,-2121.0547,8.9239,2.7798,0.1842,"(np.float64(0.087), np.float64(0.296))",105.0142
sam3_rect_centre,341,1,30,2.2745,-1963.6285,-1945.6426,-17.9860,9.3051,0.3618,"(np.float64(0.083), np.float64(0.82))",102.2883
sam3_rect_centre,347,2,14,2.9029,-2011.2131,-2005.2168,-5.9963,1.0182,0.1638,"(np.float64(0.139), np.float64(0.2))",101.0080
sam3_rect_centre,349,6,12,1.9737,-2141.7940,-2136.6609,-5.1331,9.8542,0.1032,"(np.float64(0.011), np.float64(0.569))",105.1714
sam3_rect_centre,436,4,12,2.0477,-2119.8770,-2121.0547,1.1777,5.6657,0.0490,"(np.float64(0.043), np.float64(0.26))",105.0142
sam3_rect_dot,341,1,30,2.2458,-1966.9167,-1945.6426,-21.2741,10.1912,0.4277,"(np.float64(0.122), np.float64(0.931))",102.2883
sam3_rect_dot,347,2,14,2.9118,-2011.0486,-2005.2168,-5.8318,1.1428,0.1614,"(np.float64(0.135), np.float64(0.202))",101.0080
sam3_rect_dot,349,6,12,1.9805,-2141.3918,-2136.6609,-4.7309,10.6712,0.0952,"(np.float64(0.01), np.float64(0.613))",105.1714
sam3_rect_dot,436,4,12,2.0543,-2118.8817,-2121.0547,2.1730,5.5363,0.0613,"(np.float64(0.043), np.float64(0.269))",105.0142
sam3_rect_dot_tilt30,341,1,27,2.2458,-1950.5929,-1945.6426,-4.9503,1.2989,0.1025,"(np.float64(0.05), np.float64(0.15))",102.2883
sam3_rect_dot_tilt30,347,2,13,2.9118,-2009.9727,-2005.2168,-4.7558,1.4503,0.1469,"(np.float64(0.129), np.float64(0.165))",101.0080
sam3_rect_dot_tilt30,349,6,10,1.9805,-2137.5654,-2136.6609,-0.9045,2.8233,0.0205,"(np.float64(0.01), np.float64(0.138))",105.1714
sam3_rect_dot_tilt30,436,4,12,2.0543,-2118.8817,-2121.0547,2.1730,5.5858,0.0613,"(np.float64(0.043), np.float64(0.271))",105.0142
human corners,341,1,30,2.2811,-1947.6771,-1945.6426,-2.0345,1.0737,0.0480,"(np.float64(0.026), np.float64(0.087))",102.2883
human corners,347,2,14,3.1749,-1999.9148,-2005.2168,5.3021,0.6283,0.1549,"(np.float64(0.137), np.float64(0.171))",101.0080
human corners,349,6,8,1.2693,-2117.1046,-2136.6609,19.5563,10.6521,0.3922,"(np.float64(0.179), np.float64(0.737))",105.1714
