image_id,dive,green,L_manual_angleonly,L_manual_stored,L_auto_stored,L_manual_labelfree,L_auto_labelfree,L_manual_sam3_rect_centre,L_manual_sam3_rect_dot,L_manual_sam3_rect_dot_tilt30,L_manual_corners
101293,341,False,0.21822,0.22079,0.23330,0.22187,0.23444,0.22211,0.22100,0.22100,0.22290
101294,341,False,0.21587,0.21840,0.21879,0.21949,0.21988,0.21972,0.21863,0.21863,0.22049
101295,341,False,0.19284,0.19505,0.19059,0.19607,0.19157,0.19627,0.19532,0.19532,0.19696
101296,341,False,,,0.17644,,0.17738,,,,
101297,341,False,0.14902,0.15070,0.16194,0.15151,0.16281,0.15167,0.15094,0.15094,0.15218
101301,341,False,0.18493,0.18762,,0.18802,,0.18827,0.18709,0.18709,0.18912
101302,341,False,0.19059,0.19338,,0.19378,,0.19404,0.19282,0.19282,0.19492
101303,341,False,0.19488,0.19772,0.19716,0.19814,0.19758,0.19840,0.19715,0.19715,0.19930
101304,341,False,0.17844,0.18093,0.20008,0.18142,0.20052,0.18166,0.18056,0.18056,0.18245
101305,341,False,0.18535,0.18801,0.19313,0.18845,0.19359,0.18870,0.18753,0.18753,0.18954
101306,341,False,0.20205,0.20511,0.18352,0.20543,0.18399,0.20572,0.20437,0.20437,0.20669
101307,341,False,0.19003,0.19271,0.19762,0.19321,0.19813,0.19346,0.19229,0.19229,0.19430
101308,341,False,0.18643,0.18901,0.20522,0.18955,0.20581,0.18979,0.18866,0.18866,0.19060
101309,341,False,0.17879,0.18122,0.18577,0.18178,0.18636,0.18201,0.18095,0.18095,0.18278
101310,341,False,0.18132,0.18383,0.19702,0.18436,0.19758,0.18459,0.18350,0.18350,0.18538
101311,341,False,0.13480,0.13630,0.10904,0.13705,0.10966,0.13719,0.13655,0.13655,0.13765
101312,341,False,0.13475,0.13624,0.10189,0.13700,0.10246,0.13714,0.13649,0.13649,0.13760
101315,341,False,0.09738,0.09844,0.10313,0.09901,0.10374,0.09911,0.09865,0.09865,0.09944
101316,341,False,0.09609,0.09713,0.09601,0.09770,0.09657,0.09780,0.09735,0.09735,0.09812
101317,341,False,0.10247,0.10357,0.09911,0.10418,0.09969,0.10428,0.10380,0.10380,0.10463
101318,341,False,0.14564,0.14720,0.11565,0.14808,0.11634,0.14823,0.14755,0.14755,0.14871
101319,341,False,0.13433,0.13576,0.12163,0.13658,0.12237,0.13671,0.13609,0.13609,0.13716
101320,341,False,0.10730,0.10843,0.10876,0.10909,0.10941,0.10920,0.10870,0.10870,0.10955
101321,341,False,,,0.11195,,0.11263,,,,
101322,341,False,,,0.10107,,0.10167,,,,
101324,341,False,,,,,,,,,
101327,341,False,,,,,,,,,
101328,341,False,,,,,,,,,
101333,341,False,,,,,,,,,
101336,341,False,,,,,,,,,
101337,341,False,0.17505,0.17708,0.18791,0.17798,0.18886,0.17817,0.17728,0.17728,0.17881
101339,341,False,,,,,,,,,
101341,341,False,,,,,,,,,
101342,341,False,,,,,,,,,
101343,341,False,,,,,,,,,
101344,341,False,0.02567,0.02583,,0.02610,,0.02612,0.02605,0.02605,0.02617
101345,341,False,,,,,,,,,
101346,341,False,0.02829,0.02846,,0.02876,,0.02878,0.02870,0.02870,0.02883
101347,341,False,,,,,,,,,
101351,341,False,,,,,,,,,
101352,341,False,,,,,,,,,
101354,341,False,,,,,,,,,
101356,341,False,,,,,,,,,
101357,341,False,0.18316,0.18485,0.18330,0.18623,0.18464,0.18638,0.18564,0.18564,0.18691
101359,341,False,0.18292,0.18464,0.18285,0.18599,0.18418,0.18614,0.18539,0.18539,0.18668
101360,341,False,0.18156,0.18315,0.18161,0.18460,0.18307,0.18475,0.18404,0.18404,0.18525
101361,341,False,0.18301,0.18457,0.19062,0.18607,0.19217,0.18622,0.18553,0.18553,0.18671
101362,341,False,0.18163,0.18318,0.18800,0.18467,0.18953,0.18481,0.18413,0.18413,0.18530
101363,341,False,0.18262,0.18423,0.18031,0.18567,0.18173,0.18582,0.18511,0.18511,0.18633
101366,341,False,0.17170,0.17282,0.18183,0.17458,0.18369,0.17468,0.17419,0.17419,0.17503
101367,341,False,0.17578,0.17682,0.18219,0.17872,0.18416,0.17882,0.17837,0.17837,0.17914
101368,341,False,0.17576,0.17665,0.18438,0.17870,0.18652,0.17878,0.17839,0.17839,0.17906
101370,341,False,0.17708,0.17804,0.18521,0.18005,0.18731,0.18014,0.17972,0.17972,0.18043
101371,341,False,0.17321,0.17428,0.18209,0.17611,0.18400,0.17621,0.17574,0.17574,0.17654
101373,341,False,,,,,,,,,
101374,341,False,0.15671,0.15783,0.15661,0.15933,0.15810,0.15944,0.15895,0.15895,0.15978
101375,341,False,0.15070,0.15181,0.14743,0.15322,0.14880,0.15333,0.15284,0.15284,0.15367
101376,341,False,0.18761,0.18942,,0.19075,,0.19092,0.19013,0.19013,0.19148
101389,341,False,,,,,,,,,
101395,341,False,0.17009,0.17155,,0.17294,,0.17307,0.17244,0.17244,0.17353
101396,341,False,0.15055,0.15161,0.14866,0.15307,0.15009,0.15317,0.15271,0.15271,0.15350
101397,341,False,0.12187,0.12278,0.12203,0.12391,0.12316,0.12399,0.12360,0.12360,0.12428
101398,341,False,0.17052,0.17169,0.17012,0.17337,0.17178,0.17348,0.17297,0.17297,0.17385
101399,341,False,0.16285,0.16397,0.15261,0.16558,0.15411,0.16568,0.16520,0.16520,0.16603
101400,341,False,0.16004,0.16186,0.16067,0.16272,0.16160,0.16289,0.16210,0.16210,0.16345
101401,341,False,0.13408,0.13559,0.13352,0.13633,0.13426,0.13647,0.13581,0.13581,0.13693
101402,341,False,0.16233,0.16420,0.16431,0.16505,0.16516,0.16522,0.16441,0.16441,0.16581
101403,341,False,0.15317,0.15486,0.15413,0.15573,0.15499,0.15589,0.15515,0.15515,0.15642
101404,341,False,,,0.15158,,0.15246,,,,
101406,341,False,0.12047,0.12190,0.11934,0.12248,0.11994,0.12262,0.12199,0.12199,0.12307
101410,341,False,0.10426,0.10495,0.10261,0.10601,0.10365,0.10607,0.10577,0.10577,0.10629
101411,341,False,0.14324,0.14420,0.14829,0.14564,0.14976,0.14573,0.14531,0.14531,0.14603
101412,341,False,0.11717,0.11797,0.11857,0.11913,0.11975,0.11921,0.11886,0.11886,0.11945
101414,341,False,0.21555,0.21772,0.22450,0.21915,0.22599,0.21936,0.21841,0.21841,0.22003
101415,341,False,0.21107,0.21317,0.21857,0.21460,0.22005,0.21480,0.21388,0.21388,0.21546
101416,341,False,0.21039,0.21246,0.21706,0.21391,0.21855,0.21410,0.21320,0.21320,0.21475
101417,341,False,0.21606,0.21826,0.21772,0.21968,0.21914,0.21988,0.21892,0.21892,0.22057
101418,341,False,0.21091,0.21300,0.21176,0.21444,0.21323,0.21463,0.21372,0.21372,0.21529
101419,341,False,0.19642,0.19833,0.18475,0.19971,0.18605,0.19989,0.19905,0.19905,0.20049
101421,341,False,0.20238,0.20435,0.21382,0.20576,0.21530,0.20595,0.20508,0.20508,0.20656
101423,341,False,0.28114,0.28495,0.28366,0.28584,0.28455,0.28620,0.28453,0.28453,0.28739
101425,341,False,0.30132,0.30566,0.30852,0.30636,0.30924,0.30677,0.30485,0.30485,0.30815
101426,341,False,,,0.30483,,0.30576,,,,
101427,341,False,0.23439,0.23581,0.27351,0.23831,0.27640,0.23844,0.23782,0.23782,0.23889
101428,341,False,0.24426,0.24579,0.28295,0.24835,0.28588,0.24849,0.24782,0.24782,0.24897
101429,341,False,0.23445,0.23594,0.23850,0.23838,0.24094,0.23852,0.23786,0.23786,0.23899
101430,341,False,0.23507,0.23652,0.23713,0.23900,0.23961,0.23914,0.23850,0.23850,0.23959
101431,341,False,0.24537,0.24687,0.28047,0.24947,0.28342,0.24961,0.24895,0.24895,0.25008
101432,341,False,0.21056,0.21197,0.24235,0.21409,0.24477,0.21422,0.21361,0.21361,0.21465
101433,341,False,0.23750,0.23901,0.27019,0.24148,0.27299,0.24162,0.24096,0.24096,0.24209
101434,341,False,0.14037,0.14170,0.14053,0.14271,0.14155,0.14284,0.14225,0.14225,0.14326
101437,341,False,0.17168,0.17337,0.17704,0.17456,0.17826,0.17472,0.17397,0.17397,0.17525
101438,341,False,0.23095,0.23495,0.25399,0.23481,0.25406,0.23519,0.23343,0.23343,0.23645
101440,341,False,0.23484,0.23879,0.24896,0.23877,0.24897,0.23914,0.23740,0.23740,0.24040
101441,341,False,0.29138,0.29421,0.29148,0.29626,0.29355,0.29652,0.29529,0.29529,0.29741
101442,341,False,0.28785,0.29050,0.28838,0.29267,0.29054,0.29292,0.29175,0.29175,0.29376
101445,341,False,0.28583,0.28846,0.28822,0.29061,0.29037,0.29086,0.28970,0.28970,0.29169
101446,341,False,0.29517,0.29797,0.28767,0.30011,0.28983,0.30037,0.29915,0.29915,0.30125
102767,347,True,,,0.23293,,0.24550,,,,
102787,347,True,,,0.14247,,0.14900,,,,
102789,347,True,0.14784,0.14559,0.14977,0.15222,0.15658,0.14539,0.14550,0.14588,0.15517
102790,347,True,,,0.11226,,0.11738,,,,
102802,347,True,,,0.22369,,0.23349,,,,
102803,347,True,0.26363,0.26005,0.26158,0.27144,0.27296,0.26090,0.26108,0.26166,0.27596
102805,347,True,0.25030,0.24714,0.25413,0.25772,0.26502,0.24810,0.24826,0.24880,0.26183
102806,347,True,0.25610,0.25280,0.26620,0.26369,0.27765,0.25372,0.25389,0.25444,0.26796
102807,347,True,0.26318,0.25974,0.26761,0.27097,0.27918,0.26052,0.26069,0.26127,0.27546
102808,347,True,0.18596,0.18274,0.15599,0.19147,0.16339,0.18193,0.18209,0.18261,0.19563
102809,347,True,0.17522,0.17223,0.17165,0.18041,0.17981,0.17154,0.17169,0.17217,0.18427
102810,347,True,,,0.14258,,0.14931,,,,
102811,347,True,0.17612,0.17333,0.17121,0.18134,0.17920,0.17294,0.17308,0.17354,0.18499
102812,347,True,,,,,,,,,
102813,347,True,,,0.06801,,0.07115,,,,
102814,347,True,0.14616,0.14397,0.16999,0.15049,0.17769,0.14391,0.14402,0.14439,0.15333
102815,347,True,,,0.15059,,0.15747,,,,
102816,347,True,0.16180,0.15939,0.16870,0.16659,0.17630,0.15941,0.15953,0.15993,0.16970
102819,347,True,0.42143,0.40759,,0.43391,,0.39609,0.39669,0.39868,0.45140
102821,347,True,0.36372,0.35258,,0.37449,,0.34327,0.34376,0.34542,0.38884
102823,347,True,0.42135,0.40750,0.38610,0.43383,0.40936,0.39438,0.39500,0.39708,0.45218
102824,347,True,0.42857,0.41499,0.37961,0.44126,0.40331,0.40276,0.40337,0.40541,0.45907
102829,347,True,0.14517,0.14424,0.14860,0.14947,0.15399,0.14664,0.14669,0.14685,0.15065
102830,347,True,0.15267,0.15171,0.15363,0.15719,0.15920,0.15427,0.15432,0.15449,0.15841
102831,347,True,0.15246,0.15148,0.15396,0.15698,0.15954,0.15402,0.15407,0.15424,0.15821
102835,347,True,0.32709,0.31935,0.33083,0.33678,0.34906,0.31497,0.31532,0.31650,0.34652
102836,347,True,0.33027,0.32253,0.32748,0.34005,0.34505,0.31836,0.31871,0.31988,0.34972
102847,347,True,,,0.05534,,0.05788,,,,
102849,347,True,,,,,,,,,
102855,347,True,0.10950,0.10807,0.15968,0.11274,0.16660,0.10851,0.10858,0.10882,0.11456
102856,347,True,0.24985,0.24833,0.27508,0.25725,0.28496,0.25266,0.25274,0.25300,0.25917
102857,347,True,0.25059,0.24906,0.27299,0.25801,0.28275,0.25340,0.25348,0.25374,0.25993
102858,347,True,0.24239,0.24095,0.27179,0.24957,0.28151,0.24522,0.24529,0.24554,0.25138
102859,347,True,0.24589,0.24444,0.27301,0.25317,0.28278,0.24872,0.24880,0.24905,0.25502
102860,347,True,0.24905,0.24755,0.27664,0.25643,0.28656,0.25190,0.25197,0.25223,0.25831
102861,347,True,0.24974,0.24824,0.27605,0.25714,0.28594,0.25261,0.25268,0.25294,0.25902
102862,347,True,0.24834,0.24684,0.27250,0.25570,0.28225,0.25117,0.25125,0.25150,0.25758
102863,347,True,0.23842,0.23699,0.26247,0.24548,0.27186,0.24119,0.24126,0.24151,0.24727
102864,347,True,0.24644,0.24496,0.27241,0.25374,0.28217,0.24924,0.24932,0.24957,0.25561
102865,347,True,0.24208,0.24062,0.26649,0.24925,0.27601,0.24486,0.24494,0.24519,0.25108
102866,347,True,0.24707,0.24558,0.26985,0.25438,0.27951,0.24988,0.24996,0.25021,0.25626
102867,347,True,0.23255,0.23117,0.25734,0.23944,0.26652,0.23528,0.23535,0.23558,0.24117
102868,347,True,0.22570,0.22442,,0.23239,,0.22846,0.22853,0.22875,0.23402
102869,347,True,0.22684,0.22552,,0.23356,,0.22955,0.22962,0.22985,0.23522
102870,347,True,0.22583,0.22451,0.25087,0.23252,0.25980,0.22853,0.22860,0.22883,0.23418
102871,347,True,0.23048,0.22913,0.24265,0.23731,0.25129,0.23321,0.23328,0.23351,0.23901
102876,347,True,0.17738,0.17464,0.18352,0.18263,0.19193,0.17472,0.17485,0.17529,0.18605
102878,347,True,0.15808,0.15574,0.17920,0.16276,0.18729,0.15610,0.15621,0.15658,0.16563
102879,347,True,0.17180,0.16921,0.17910,0.17689,0.18720,0.16948,0.16960,0.17001,0.18008
102880,347,True,0.17778,0.17507,0.18388,0.18305,0.19223,0.17531,0.17543,0.17586,0.18639
102881,347,True,0.17153,0.16899,0.17334,0.17661,0.18113,0.16938,0.16950,0.16990,0.17972
102882,347,True,,,0.15710,,0.16413,,,,
102883,347,True,,,0.16672,,0.17420,,,,
102884,347,True,,,0.15182,,0.15859,,,,
102885,347,True,0.19522,0.19235,0.14945,0.20100,0.15614,0.19283,0.19297,0.19342,0.20452
102886,347,True,,,0.15115,,0.15795,,,,
102887,347,True,,,0.18657,,0.19356,,,,
102889,347,True,,,0.17054,,0.17694,,,,
102890,347,True,,,,,,,,,
102901,347,True,0.19687,0.19421,0.21330,0.20270,0.22260,0.19508,0.19520,0.19563,0.20596
102902,347,True,0.25723,0.25406,0.25418,0.26485,0.26502,0.25568,0.25584,0.25635,0.26876
102903,347,True,0.26601,0.26270,0.26403,0.27389,0.27528,0.26433,0.26449,0.26502,0.27797
102904,347,True,0.25510,0.25199,0.25027,0.26266,0.26100,0.25327,0.25343,0.25395,0.26667
102905,347,True,0.34923,0.34241,0.32333,0.35958,0.33979,0.34104,0.34134,0.34236,0.36769
102906,347,True,0.38502,0.37729,0.34121,0.39643,0.35850,0.37605,0.37638,0.37750,0.40534
102907,347,True,0.36803,0.36074,0.37184,0.37893,0.39057,0.35968,0.36000,0.36105,0.38734
102908,347,True,0.35230,0.34543,0.34877,0.36274,0.36614,0.34426,0.34456,0.34557,0.37082
102909,347,True,0.38118,0.37379,0.35923,0.39247,0.37720,0.37282,0.37314,0.37422,0.40105
102910,347,True,0.37074,0.36352,0.36324,0.38172,0.38138,0.36257,0.36288,0.36393,0.39009
102911,347,True,0.36696,0.35963,0.35830,0.37783,0.37630,0.35855,0.35887,0.35992,0.38625
102912,347,True,0.37964,0.37218,0.37065,0.39089,0.38925,0.37112,0.37144,0.37253,0.39953
102913,347,True,0.40830,0.39930,0.36878,0.42040,0.38733,0.39692,0.39731,0.39859,0.43074
102915,347,True,0.34188,0.33667,0.35734,0.35201,0.37365,0.33743,0.33767,0.33848,0.35829
102916,347,True,0.36886,0.36311,0.34896,0.37978,0.36496,0.36368,0.36395,0.36484,0.38673
102917,347,True,0.37422,0.36891,0.34198,0.38531,0.35728,0.37016,0.37042,0.37125,0.39182
102918,347,True,0.15738,0.15551,0.18685,0.16204,0.19473,0.15664,0.15673,0.15703,0.16435
102919,347,True,0.36943,0.36439,,0.38037,,0.36600,0.36624,0.36704,0.38653
102920,347,True,0.37782,0.37276,,0.38901,,0.37448,0.37472,0.37553,0.39524
102921,347,True,0.40188,0.39594,0.37278,0.41379,0.38932,0.39724,0.39752,0.39843,0.42090
102922,347,True,0.37036,0.36557,0.36362,0.38133,0.37933,0.36770,0.36793,0.36869,0.38715
102923,347,True,0.36440,0.35977,0.33005,0.37519,0.34428,0.36184,0.36207,0.36281,0.38090
102924,347,True,0.36315,0.35845,0.34480,0.37391,0.35966,0.36033,0.36055,0.36131,0.37972
102925,347,True,0.38174,0.37673,0.35063,0.39305,0.36585,0.37872,0.37896,0.37976,0.39917
102926,347,True,0.38458,0.37961,0.38555,0.39597,0.40219,0.38164,0.38188,0.38267,0.40210
102927,347,True,0.33739,0.33311,0.35791,0.34739,0.37333,0.33497,0.33517,0.33586,0.35270
102928,347,True,0.32659,0.32243,0.32245,0.33626,0.33636,0.32423,0.32443,0.32510,0.34141
102929,347,True,0.31589,0.31172,0.33933,0.32525,0.35407,0.31337,0.31357,0.31423,0.33034
102938,347,True,0.32726,0.31879,0.31582,0.33696,0.33404,0.31478,0.31514,0.31634,0.34688
102941,347,True,0.25133,0.24599,0.23400,0.25877,0.24598,0.24478,0.24501,0.24578,0.26492
102943,347,True,0.27086,0.26557,0.26875,0.27888,0.28227,0.26443,0.26467,0.26546,0.28521
102944,347,True,0.30932,0.30344,0.31906,0.31848,0.33481,0.30242,0.30269,0.30357,0.32550
102946,347,True,,,0.29831,,0.31304,,,,
102947,347,True,,,,,,,,,
102948,347,True,0.33312,0.32693,0.32738,0.34299,0.34346,0.32603,0.32631,0.32724,0.35039
102951,347,True,0.23651,0.23484,0.23447,0.24351,0.24313,0.23864,0.23872,0.23899,0.24555
102952,347,True,,,,,,,,,
102953,347,True,0.23970,0.23796,0.23287,0.24681,0.24154,0.24168,0.24177,0.24206,0.24895
102954,347,True,0.22683,0.22520,0.23353,0.23355,0.24219,0.22881,0.22889,0.22916,0.23553
102955,347,True,0.23959,0.23788,0.23695,0.24669,0.24571,0.24172,0.24180,0.24208,0.24877
102957,347,True,,,0.23634,,0.24516,,,,
102958,347,True,0.25292,0.25101,0.25002,0.26042,0.25939,0.25485,0.25495,0.25526,0.26274
102959,347,True,,,0.22981,,0.23862,,,,
102961,347,True,0.24647,0.24464,0.20601,0.25377,0.21377,0.24823,0.24832,0.24863,0.25609
102963,347,True,0.38051,0.37592,,0.39178,,0.37891,0.37913,0.37985,0.39726
102964,347,True,0.20550,0.20376,0.19978,0.21159,0.20745,0.20651,0.20659,0.20688,0.21372
102966,347,True,0.19344,0.19186,0.18789,0.19917,0.19507,0.19450,0.19458,0.19484,0.20114
102967,347,True,0.20028,0.19854,0.18841,0.20622,0.19570,0.20113,0.20122,0.20150,0.20835
102968,347,True,0.20319,0.20142,0.19775,0.20921,0.20538,0.20407,0.20416,0.20445,0.21137
102970,347,True,0.20819,0.20642,0.20524,0.21435,0.21312,0.20920,0.20929,0.20958,0.21652
102971,347,True,0.22357,0.22166,0.20526,0.23020,0.21319,0.22444,0.22453,0.22486,0.23262
102972,347,True,,,0.18543,,0.19267,,,,
102973,347,True,0.18067,0.17897,0.18635,0.18602,0.19371,0.18111,0.18120,0.18147,0.18809
102974,347,True,0.19530,0.19356,0.18947,0.20108,0.19683,0.19606,0.19615,0.19643,0.20319
102975,347,True,0.17947,0.17769,0.18107,0.18479,0.18824,0.17973,0.17981,0.18010,0.18692
102976,347,True,0.19100,0.18930,0.21034,0.19666,0.21854,0.19170,0.19178,0.19206,0.19875
102979,347,True,,,,,,,,,
102980,347,True,,,0.23628,,0.24640,,,,
102981,347,True,,,0.28118,,0.29322,,,,
102982,347,True,,,0.19494,,0.20322,,,,
102985,347,True,0.19885,0.19445,0.19344,0.20474,0.20368,0.19315,0.19334,0.19397,0.20985
102986,347,True,0.26510,0.25836,0.23184,0.27296,0.24407,0.25589,0.25617,0.25709,0.28055
102987,347,True,0.21071,0.20598,0.21005,0.21695,0.22111,0.20476,0.20495,0.20562,0.22233
102988,347,True,0.21529,0.21044,0.20248,0.22167,0.21337,0.20833,0.20855,0.20927,0.22758
102990,347,True,0.18015,0.17604,0.19256,0.18549,0.20284,0.17474,0.17492,0.17550,0.19024
102992,347,True,0.33035,0.31800,0.31022,0.34014,0.33181,0.31034,0.31081,0.31238,0.35393
102993,347,True,0.33559,0.32308,0.31080,0.34553,0.33226,0.31563,0.31610,0.31768,0.35935
102994,347,True,0.32540,0.31338,0.22916,0.33504,0.24487,0.30633,0.30679,0.30831,0.34828
102995,347,True,0.31709,0.30580,0.30252,0.32649,0.32319,0.29866,0.29910,0.30058,0.33932
102996,347,True,0.30534,0.29495,0.28132,0.31438,0.30094,0.28718,0.28761,0.28905,0.32695
102997,347,True,0.30916,0.29800,0.28089,0.31832,0.30048,0.29145,0.29188,0.29330,0.33069
103000,347,True,0.23164,0.22720,,0.23850,,0.22669,0.22688,0.22753,0.24365
103001,347,True,0.26314,0.25785,0.25729,0.27093,0.27026,0.25687,0.25710,0.25787,0.27709
103004,347,True,0.19719,0.19356,,0.20303,,0.19324,0.19340,0.19394,0.20729
103009,347,True,,,0.12093,,0.12625,,,,
103013,347,True,,,,,,,,,
103014,347,True,0.31518,0.30447,0.29402,0.32451,0.31386,0.29841,0.29883,0.30022,0.33646
103016,347,True,0.26915,0.26003,0.26304,0.27712,0.28013,0.25509,0.25544,0.25661,0.28719
103017,347,True,,,,,,,,,
103018,347,True,,,0.22240,,0.23600,,,,
103021,347,True,,,,,,,,,
103028,347,True,,,,,,,,,
103047,347,True,,,,,,,,,
103050,347,True,0.14095,0.13891,,0.14513,,0.13955,0.13965,0.13996,0.14752
103051,347,True,,,,,,,,,
103052,347,True,0.14312,0.14110,,0.14736,,0.14183,0.14192,0.14223,0.14974
103060,347,True,,,,,,,,,
102551,349,True,0.27752,0.27498,0.28243,0.27443,0.28189,0.26916,0.27003,0.27003,0.29967
102552,349,True,0.27495,0.27246,0.26833,0.27189,0.26777,0.26672,0.26758,0.26758,0.29665
102554,349,True,0.27603,0.27347,0.26763,0.27296,0.26711,0.26766,0.26853,0.26853,0.29838
102562,349,True,0.18408,0.18259,0.18071,0.18203,0.18015,0.17904,0.17953,0.17953,0.19613
102563,349,True,,,0.17987,,0.17929,,,,
102565,349,True,0.18226,0.18078,0.18095,0.18023,0.18039,0.17728,0.17777,0.17777,0.19412
102566,349,True,0.18232,0.18087,0.17843,0.18029,0.17786,0.17737,0.17785,0.17785,0.19405
102570,349,True,0.50853,0.50344,,0.50286,,0.49251,0.49421,0.49421,0.55294
102571,349,True,0.53898,0.53358,,0.53298,,0.52199,0.52379,0.52379,0.58613
102572,349,True,0.54421,0.53873,,0.53815,,0.52701,0.52885,0.52885,0.59204
102578,349,True,0.58602,0.58031,,0.57949,,0.56794,0.56985,0.56985,0.63511
102580,349,True,,,,,,,,,
102582,349,True,0.59980,0.59398,,0.59312,,0.58144,0.58336,0.58336,0.64931
102584,349,True,0.53938,0.53451,,0.53338,,0.52361,0.52522,0.52522,0.57998
102587,349,True,0.55916,0.55555,,0.55293,,0.54558,0.54680,0.54680,0.58700
102591,349,True,0.55288,0.54913,,0.54672,,0.53926,0.54050,0.54050,0.58138
102609,349,True,0.48860,0.48072,0.48518,0.48316,0.48755,0.46755,0.47009,0.47009,0.56432
102611,349,True,0.50046,0.49273,0.49130,0.49488,0.49344,0.47928,0.48182,0.48182,0.57562
102613,349,True,0.50016,0.49219,0.49196,0.49459,0.49440,0.47869,0.48128,0.48128,0.57717
102616,349,True,0.48521,0.47590,0.46096,0.47981,0.46476,0.46150,0.46447,0.46447,0.57867
102617,349,True,0.47730,0.46845,0.45953,0.47199,0.46298,0.45438,0.45724,0.45724,0.56650
102618,349,True,0.47328,0.46436,0.46181,0.46801,0.46554,0.45033,0.45320,0.45320,0.56326
102621,349,True,0.54620,0.53765,0.51055,0.54011,0.51267,0.52335,0.52608,0.52608,0.62656
102627,349,True,0.19862,0.19716,0.20162,0.19641,0.20087,0.19350,0.19398,0.19398,0.21002
102628,349,True,0.21308,0.21139,0.20915,0.21070,0.20848,0.20738,0.20793,0.20793,0.22631
102629,349,True,0.20730,0.20573,0.20457,0.20500,0.20387,0.20187,0.20238,0.20238,0.21967
102634,349,True,0.51333,0.50280,0.50620,0.50761,0.51115,0.48696,0.49030,0.49030,0.62107
102637,349,True,0.55782,0.54636,,0.55161,,0.52910,0.53274,0.53274,0.67530
102642,349,True,0.29961,0.29576,0.29405,0.29628,0.29456,0.28872,0.28996,0.28996,0.33392
102643,349,True,0.28720,0.28318,0.27981,0.28400,0.28065,0.27612,0.27741,0.27741,0.32381
102648,349,True,0.28668,0.28261,0.27458,0.28348,0.27541,0.27549,0.27680,0.27680,0.32395
102653,349,True,0.18421,0.18229,0.18755,0.18216,0.18742,0.17836,0.17898,0.17898,0.20054
102654,349,True,0.19438,0.19235,0.18468,0.19221,0.18453,0.18823,0.18889,0.18889,0.21148
102656,349,True,0.17364,0.17225,0.17990,0.17170,0.17933,0.16901,0.16945,0.16945,0.18437
102664,349,True,0.32775,0.32437,0.30732,0.32410,0.30709,0.31745,0.31854,0.31854,0.35625
102672,349,True,0.33519,0.33217,0.32789,0.33146,0.32717,0.32551,0.32649,0.32649,0.35979
102674,349,True,0.31097,0.30847,0.30478,0.30750,0.30383,0.30263,0.30344,0.30344,0.33042
102679,349,True,0.30991,0.30744,0.30208,0.30646,0.30107,0.30165,0.30244,0.30244,0.32904
102680,349,True,0.30871,0.30627,0.30139,0.30528,0.30042,0.30046,0.30125,0.30125,0.32794
121926,436,True,0.19260,0.18262,,0.19074,,0.18581,0.18603,0.18603,
