image_id,dive_id,dot_x,dot_y
102744,347,2005.5233401403043,1343.5727618284177
121799,436,2024.594000035883,1462.921882691581
102751,347,2014.1746233139093,1373.3114275956164
121933,436,1997.6220176173936,1383.5558572739965
102753,347,2014.8360678791653,1375.0957896786351
121794,436,2016.5557133010675,1438.286826393066
102754,347,2014.47675279416,1371.6339019782015
121796,436,2015.4566240589995,1431.5605465229537
121791,436,1995.4077828696347,1365.9249591944165
121792,436,2014.8596885354727,1430.1877880220395
101284,341,1943.746315308885,1302.985971000712
121797,436,2017.4915145934544,1439.547092287689
121800,436,2025.2520287237185,1465.083136675536
121795,436,2016.2188045998812,1437.3009310559748
121793,436,2015.7789566243089,1434.5604417215625
121801,436,2024.8094553828169,1463.216914593769
121802,436,2027.703862427104,1464.955102092762
101259,341,1907.576759059976,1192.1251411581632
101260,341,1906.501196324092,1189.1739765553702
101261,341,1905.1118728935692,1185.0585589659129
101262,341,1903.8839516443952,1181.7670199347183
101263,341,1903.3648604564587,1178.0507144466303
101264,341,1900.400427824438,1175.4059636358793
101265,341,1902.6412478336224,1176.0831889081455
101266,341,1933.9942861934824,1273.6790038965428
101267,341,1932.7485822306237,1277.0964083175802
101268,341,1933.5188421480825,1275.41517074853
101269,341,1933.572200042544,1276.6153037396132
101270,341,1933.8474501154672,1277.4572491701445
101271,341,1932.6600131348453,1277.6701817121498
101273,341,1932.2908263085556,1277.0698199986668
101274,341,1937.1446740858505,1285.0365659777424
101275,341,1943.4773679445168,1305.4504820687248
101276,341,1942.8476587215976,1306.0464667808817
101277,341,1943.0939662394417,1306.2669111756293
101278,341,1942.227976490205,1306.2786918886393
101279,341,1941.708448811867,1306.9451564040992
101280,341,1941.613216944491,1300.4225633595522
101281,341,1943.1719645859537,1300.519821062719
101282,341,1942.4584518268105,1304.831869738371
101283,341,1942.262466825471,1303.8059330791186
101285,341,1944.268050342114,1303.6407147366033
101286,341,1943.177445332691,1303.5995467074606
101287,341,1942.9368898114344,1302.850353072207
101288,341,1942.6255766565232,1302.3510262703587
101290,341,1941.4947184362943,1302.537504639962
102533,349,1954.21833597742,1433.4535224293018
102534,349,1957.2421316464092,1446.423443441989
102535,349,1952.8477980599928,1426.176149092932
102536,349,1950.25681438923,1422.9071976675634
102537,349,1973.944070764964,1506.6111010642944
102538,349,1974.4366540176409,1506.2881520009614
102539,349,1977.3274392221,1517.6535326870728
102540,349,1975.955779487392,1517.43242779631
102541,349,1976.21993970362,1515.7415071513203
102542,349,1980.601933003692,1530.2733784815532
102543,349,1979.688195398361,1531.107162358658
102544,349,1980.0790343763736,1529.219311800746
102731,347,1968.9318514343909,1228.7305157564876
102732,347,1961.331888018974,1221.502637955884
102733,347,1967.463673044548,1229.6171537009668
102734,347,1970.5037222207957,1238.574248900426
102735,347,1968.887824792332,1234.8950625525497
102736,347,1971.9604955993025,1243.3888947053908
102737,347,1974.9694195122809,1252.6331740292756
102738,347,1973.1130084002652,1247.9163237696223
102739,347,1976.7619777234863,1254.8082981793311
102740,347,1981.167141790138,1256.6757633509146
