image_id,dive_id,text_prompt,text_score,text_area
102744,347,white board,0.6796875,11827
121799,436,white board,0.65625,9404
102751,347,white board,0.490234375,6177
121933,436,white board,0.80078125,29234
102753,347,white board,0.56640625,5973
121794,436,white board,0.796875,14683
102754,347,white board,0.490234375,6323
121796,436,white board,0.78125,16288
121791,436,white board,0.8359375,36485
121792,436,white board,0.78515625,16561
101284,341,white board,0.8671875,11408
121797,436,white board,0.82421875,14326
121800,436,white board,0.48828125,9141
121795,436,white board,0.78125,15205
121793,436,white board,0.80859375,15508
121801,436,white board,0.734375,9080
121802,436,white board,0.76171875,8491
101259,341,white board,0.92578125,47812
101260,341,white board,0.921875,49444
101261,341,white board,0.9375,50635
101262,341,white board,0.921875,51900
101263,341,white board,0.9375,52995
101264,341,white board,0.93359375,54850
101265,341,white board,0.8984375,56000
101266,341,white board,0.828125,18242
101267,341,white board,0.8515625,17836
101268,341,white board,0.83984375,17691
101269,341,white board,0.87109375,17800
101270,341,white board,0.87890625,17663
101271,341,white board,0.8203125,17497
101273,341,white board,0.828125,17236
101274,341,white board,0.86328125,17251
101275,341,white board,0.8515625,11168
101276,341,white board,0.83984375,11161
101277,341,white board,0.859375,11029
101278,341,white board,0.8515625,11005
101279,341,white board,0.85546875,11002
101280,341,white board,0.84765625,11013
101281,341,white board,0.82421875,11026
101282,341,white board,0.8203125,11217
101283,341,white board,0.86328125,11368
101285,341,white board,0.8515625,11507
101286,341,white board,0.8671875,11688
101287,341,white board,0.859375,11849
101288,341,white board,0.859375,11975
101290,341,white board,0.85546875,11856
102533,349,white board,0.9140625,38833
102534,349,white board,0.89453125,36262
102535,349,white board,0.88671875,41386
102536,349,white board,0.875,44011
102537,349,white board,0.87109375,16729
102538,349,white board,0.90625,16741
102539,349,white board,0.8671875,14761
102540,349,white board,0.87890625,14520
102541,349,white board,0.84375,14798
102542,349,white board,0.84765625,10862
102543,349,white board,0.81640625,10566
102544,349,white board,0.84375,10776
102731,347,white board,0.90625,53922
102732,347,white board,0.890625,56847
102733,347,white board,0.8671875,51633
102734,347,white board,0.9140625,47469
102735,347,white board,0.921875,49538
102736,347,white board,0.91015625,45771
102737,347,white board,0.8984375,42383
102738,347,white board,0.9296875,44153
102739,347,white board,0.87890625,40697
102740,347,white board,0.8984375,39263
