image_id,dive_id,text_prompt,text_score,text_area,box_score,box_area,box_rect_area,box_has_dot
4014,63,white board,0.75390625,20252.0,0.98046875,20272.0,28107.651862739833,True
4007,63,white board,0.87890625,54592.0,0.984375,54573.0,75130.21762432887,True
3246,80,white board,0.8046875,43666.0,0.984375,43939.0,61276.20738969545,True
4096,62,white board,0.703125,12962.0,0.9765625,12985.0,16112.21236267386,True
4074,62,white board,0.7890625,38705.0,0.984375,38727.0,48753.70506280854,True
3714,77,white board,0.796875,12395.0,0.98046875,12257.0,13270.509211083128,True
3878,71,white board,0.85546875,72068.0,0.98046875,72476.0,97807.97144462017,True
17671,94,white board,0.7734375,19854.0,0.96484375,20339.0,29114.375215562217,True
4015,63,white board,0.80078125,20277.0,0.98046875,20368.0,28140.000400679462,True
3259,80,white board,0.78125,21395.0,0.98046875,21468.0,27531.553727052,True
4082,62,white board,0.75390625,19827.0,0.9765625,19907.0,25949.76176727868,True
4075,62,white board,0.68359375,38830.0,0.98046875,38976.0,48941.64084250536,True
4012,63,white board,0.7734375,20345.0,0.98046875,20399.0,28124.3835771792,True
4092,62,white board,0.68359375,12898.0,0.9765625,12947.0,16277.14200750492,True
3721,77,white board,0.67578125,12263.0,0.98046875,12217.0,13364.46970958762,True
4088,62,white board,0.5859375,13087.0,0.9765625,13139.0,16548.799045646992,True
4076,62,white board,0.64453125,38465.0,0.98046875,38579.0,49152.1788057463,True
3266,80,white board,0.6640625,12417.0,0.9765625,12574.0,17685.83873092772,True
4090,62,white board,0.73828125,12987.0,0.9765625,13046.0,16305.981367744016,True
4079,62,white board,0.60546875,19764.0,0.9765625,19809.0,25672.133374910172,True
4016,63,white board,0.734375,20245.0,0.9765625,20291.0,27886.868224168375,True
4020,63,white board,0.6953125,18726.0,0.9765625,18913.0,26712.747081394133,True
4083,62,white board,0.625,19665.0,0.98046875,19715.0,25321.232331955205,True
3256,80,white board,0.79296875,21462.0,0.98046875,21505.0,27906.54795573718,True
4077,62,white board,0.6953125,38457.0,0.98046875,38550.0,49312.610651563176,True
4580,65,white board,0.64453125,27231.0,0.9765625,27433.0,36086.23519049358,True
4577,65,white board,0.8125,51343.0,0.984375,51558.0,65834.30149948789,True
4084,62,white board,0.6484375,19641.0,0.9765625,19670.0,25653.282460056467,True
4078,62,white board,0.69140625,38146.0,0.984375,38214.0,48517.65075841384,True
4091,62,white board,0.61328125,13058.0,0.9765625,13064.0,16324.455067243716,True
4013,63,white board,0.79296875,20257.0,0.98046875,20337.0,28403.774253007174,True
4010,63,white board,0.8046875,21503.0,0.98046875,21572.0,28346.604346367334,True
4021,63,white board,0.8046875,13015.0,0.9765625,13149.0,17782.847193956262,True
4001,63,white board,0.8984375,60122.0,0.984375,60271.0,84625.97337739491,True
4004,63,white board,0.890625,56205.0,0.984375,56177.0,77506.49094117925,True
4089,62,white board,0.65625,12916.0,0.9765625,12994.0,16559.968246623535,True
3261,80,white board,0.67578125,21547.0,0.98046875,21571.0,27090.896229862556,True
4080,62,white board,0.6484375,19893.0,0.9765625,19968.0,26128.088422218752,True
4011,63,white board,0.8359375,21416.0,0.98046875,21455.0,28026.135163537547,True
3268,80,white board,0.56640625,12519.0,0.9765625,12580.0,18033.78760020246,True
3262,80,white board,0.75,12342.0,0.9765625,12434.0,17931.855722641547,True
4573,65,white board,0.85546875,55826.0,0.984375,56029.0,73336.22364725375,True
4576,65,white board,0.640625,51611.0,0.984375,51942.0,65650.92924272976,True
4575,65,white board,0.7734375,52238.0,0.984375,52585.0,68174.55862174643,True
4574,65,white board,0.84375,55175.0,0.984375,55370.0,70943.64362812022,True
4005,63,white board,0.8984375,55520.0,0.984375,55549.0,77970.22086841275,True
4008,63,white board,0.80859375,21744.0,0.9765625,21816.0,29207.29503676837,True
4087,62,white board,0.6015625,13159.0,0.9765625,13158.0,16592.02880423757,True
4009,63,white board,0.76171875,21603.0,0.9765625,21721.0,29053.31979798148,True
4006,63,white board,0.90234375,55135.0,0.984375,55123.0,75790.60923382902,True
3903,71,white board,0.80859375,24564.0,0.9765625,24650.0,33858.293683100914,True
14782,87,white board,0.375,4617.0,0.96875,4720.0,6252.768700535467,True
4002,63,white board,0.88671875,59410.0,0.984375,59503.0,83560.64520999073,True
4081,62,white board,0.6171875,19772.0,0.9765625,19900.0,25828.719205383455,True
14567,87,white board,0.8125,22092.0,0.9609375,22698.0,33831.80809920488,True
4086,62,white board,0.6171875,19518.0,0.98046875,19566.0,25271.768455102865,True
3910,71,white board,0.58203125,14179.0,0.9765625,14296.0,17575.67658357651,True
14781,87,white board,0.37109375,4568.0,0.96875,4703.0,6405.470124950119,True
14580,87,white board,0.80078125,22312.0,0.96875,22700.0,32869.04222716628,True
14780,87,white board,0.388671875,4642.0,0.96875,4758.0,6414.770249328881,True
14778,87,white board,0.4140625,4584.0,0.96484375,4718.0,6354.814338302431,True
14569,87,white board,0.8046875,22279.0,0.9609375,22754.0,33643.50490013716,True
14779,87,white board,0.4140625,4682.0,0.96484375,4885.0,6828.20796504515,True
14564,87,white board,0.74609375,22011.0,0.9609375,22505.0,34334.21912047235,True
3915,71,white board,0.55078125,14077.0,0.9765625,14153.0,17149.481679351018,True
14787,87,white board,0.390625,4700.0,0.96875,4852.0,6736.796342999279,True
14784,87,white board,0.396484375,4612.0,0.96875,4793.0,6536.635288971185,True
4085,62,white board,0.458984375,19553.0,0.98046875,19578.0,25329.468795338915,True
4581,65,white board,0.80859375,26884.0,0.98046875,26971.0,32986.45818054349,True
14783,87,white board,0.5234375,4623.0,0.96875,4750.0,6284.753734114541,True
14579,87,white board,0.8359375,22296.0,0.95703125,22881.0,34001.112425759624,True
14793,87,white board,0.490234375,4726.0,0.96875,4834.0,6711.947811186159,True
14791,87,white board,0.46875,4677.0,0.96875,4874.0,6767.09664559882,True
3701,77,white board,0.82421875,35633.0,0.984375,35731.0,42312.246162528565,True
4587,65,white board,0.640625,26385.0,0.98046875,26490.0,33586.23310389668,True
14788,87,white board,0.455078125,4666.0,0.96875,4711.0,6308.122484990927,True
3716,77,white board,0.78515625,12460.0,0.98046875,12199.0,13217.620374528406,True
4584,65,white board,0.68359375,26864.0,0.98046875,26979.0,33864.94464699225,True
14566,87,white board,0.828125,21956.0,0.953125,22648.0,34304.98024045233,True
3244,80,white board,0.8046875,46323.0,0.9765625,46831.0,68414.17037145712,True
3706,77,white board,0.79296875,19440.0,0.98046875,19456.0,22022.886645062816,True
4594,65,white board,0.640625,10604.0,0.97265625,10703.0,14308.347484662805,True
14581,87,white board,0.83984375,22363.0,0.96875,22657.0,32306.857948884204,True
4597,65,white board,0.7109375,10666.0,0.9765625,10739.0,14267.909217224993,True
4609,65,white board,0.72265625,6472.0,0.97265625,6444.0,7459.7852272565115,True
4600,65,white board,0.7265625,7024.0,0.97265625,7061.0,8789.604110255688,True
14794,87,white board,0.52734375,4749.0,0.96875,4980.0,6840.260956833543,True
4601,65,white board,0.65625,6963.0,0.97265625,6996.0,8779.342821005821,True
3245,80,white board,0.81640625,43478.0,0.98046875,43714.0,62629.32598626001,True
3250,80,white board,0.85546875,40899.0,0.98046875,41173.0,58941.60642905987,True
17667,94,white board,0.70703125,19884.0,0.9453125,20941.0,31794.51812785009,True
3877,71,white board,0.78125,72087.0,0.984375,72408.0,94385.69759322645,True
4603,65,white board,0.65625,6940.0,0.97265625,6918.0,8236.721891821018,True
4604,65,white board,0.62109375,6915.0,0.97265625,6904.0,8182.790053956576,True
14573,87,white board,0.859375,22409.0,0.96875,22788.0,33600.608058995924,True
17669,94,white board,0.78515625,19878.0,0.96875,20304.0,29214.559479595708,True
3882,71,white board,0.77734375,67977.0,0.984375,68146.0,85956.95736897015,True
3883,71,white board,0.80078125,67883.0,0.984375,68243.0,83800.85316858739,True
14568,87,white board,0.80078125,22236.0,0.96484375,22628.0,33464.09491180388,True
3880,71,white board,0.8125,67946.0,0.984375,68020.0,84327.33113455366,True
3881,71,white board,0.78515625,68203.0,0.984375,68403.0,85904.83106003358,True
3884,71,white board,0.79296875,49302.0,0.984375,49492.0,63721.16965301793,True
14578,87,white board,0.76171875,22405.0,0.96875,22733.0,32513.975412983902,True
14571,87,white board,0.77734375,22255.0,0.96875,22596.0,33286.798082262576,True
3885,71,white board,0.71875,50252.0,0.984375,50445.0,66140.44002012459,True
3715,77,white board,0.6953125,12360.0,,,,
3886,71,white board,0.80859375,51164.0,0.98046875,51290.0,66702.37952651738,True
3922,71,white board,0.69140625,8575.0,0.9765625,8494.0,9517.477413790368,True
3887,71,white board,0.7421875,49628.0,0.98046875,49848.0,64852.7499261917,True
3914,71,white board,0.6015625,14155.0,0.9765625,14203.0,17004.383782604717,True
3171,83,white board,0.453125,10144.0,0.9765625,10319.0,16911.24773708412,True
3254,80,white board,0.80859375,22297.0,0.98046875,22403.0,30709.991610255747,True
14789,87,white board,0.54296875,4640.0,0.96484375,4774.0,6508.3848086307125,True
3888,71,white board,0.76171875,52412.0,0.984375,52528.0,69529.3505901038,True
3921,71,white board,0.65234375,8563.0,0.9765625,8518.0,9501.015897550102,True
3923,71,white board,0.6484375,8546.0,0.9765625,8445.0,9397.505558513352,True
15833,114,white board,0.77734375,21808.0,0.96484375,22250.0,27211.792220124622,True
3258,80,white board,0.80859375,21490.0,0.98046875,21537.0,27671.340233687486,True
3905,71,white board,0.57421875,24719.0,0.98046875,24777.0,33545.61314311366,True
3924,71,white board,0.73046875,8528.0,0.9765625,8503.0,9588.11972163417,True
14786,87,white board,0.5703125,4621.0,0.96484375,4801.0,6535.7468506131345,True
15834,114,white board,0.71484375,21644.0,0.9609375,22098.0,27515.739494989295,True
15832,114,white board,0.7265625,21766.0,0.95703125,22348.0,28164.548390251657,True
3911,71,white board,0.55078125,14195.0,0.9765625,14248.0,17485.55943071894,True
14785,87,white board,0.48828125,4575.0,0.96875,4633.0,6069.34331188972,True
14792,87,white board,0.49609375,4650.0,0.96875,4774.0,6291.399764291974,True
15830,114,white board,0.77734375,21773.0,0.96875,22161.0,27859.993230628592,True
16036,114,white board,0.5546875,4455.0,0.94921875,4809.0,8161.92666594351,True
14565,87,white board,0.81640625,21939.0,0.96484375,22290.0,33341.30074729747,True
14777,87,white board,0.70703125,4489.0,0.96875,4613.0,6278.019243352222,True
3257,80,white board,0.78125,21523.0,0.98046875,21606.0,27243.73831837526,True
16046,114,white board,0.376953125,4570.0,0.9609375,4788.0,7437.274214760222,True
14790,87,,,,0.96875,4973.0,6939.7667577104385,True
15842,114,white board,0.8125,21971.0,0.96875,22430.0,25057.296263078213,True
15840,114,white board,0.87890625,22140.0,0.9609375,22598.0,27033.436551193587,True
3247,80,white board,0.79296875,43371.0,0.984375,43834.0,61664.187255223245,True
15841,114,white board,0.80078125,22072.0,0.96875,22510.0,25526.305359056063,True
15839,114,white board,0.8125,22191.0,0.97265625,22374.0,24828.32058200922,True
16031,114,white board,0.474609375,4422.0,0.953125,4706.0,7796.754106447129,True
15843,114,white board,0.8515625,22090.0,0.96875,22457.0,25279.697459279218,True
15835,114,white board,0.83203125,21809.0,0.96875,22150.0,26988.356052093597,True
15845,114,white board,0.85546875,22098.0,0.96484375,22564.0,25571.583442997668,True
15844,114,white board,0.81640625,22114.0,0.97265625,22330.0,24610.65809267459,True
16033,114,white board,0.30859375,4548.0,0.96484375,4645.0,7284.249174248296,True
16038,114,,,,0.94921875,4990.0,8783.123816804773,True
16034,114,white board,0.47265625,4500.0,0.95703125,4863.0,7594.000871199067,True
16043,114,white board,0.404296875,4474.0,0.953125,4760.0,7569.263880203633,True
16039,114,white board,0.31640625,4477.0,0.9609375,4704.0,7710.720082922683,True
16041,114,,,,0.9609375,4739.0,7728.367423418756,True
16044,114,white board,0.52734375,4473.0,0.9609375,4690.0,7704.472563302893,True
16035,114,white board,0.451171875,4551.0,0.95703125,4833.0,7607.998440920661,True
16040,114,,,,,,,
3691,77,white board,0.8359375,73262.0,0.98828125,73419.0,92897.34721525387,True
3693,77,white board,0.90234375,73865.0,0.984375,74219.0,94671.31381859053,True
3699,77,white board,0.82421875,35611.0,0.984375,35684.0,42246.595560433256,True
16037,114,white board,0.51953125,4403.0,0.9609375,4607.0,7356.192949692208,True
16042,114,,,,0.95703125,4826.0,7776.960523400779,True
16045,114,,,,0.95703125,4898.0,8011.850195669993,True
3248,80,white board,0.87109375,43732.0,0.984375,43991.0,62855.27045672311,True
3713,77,white board,0.76171875,19290.0,0.98046875,19413.0,23959.67170188857,True
3692,77,white board,0.875,73671.0,0.98828125,73898.0,93853.03268982655,True
3718,77,white board,0.72265625,12266.0,0.98046875,12184.0,13393.67122507643,True
3711,77,white board,0.77734375,19419.0,0.98046875,19607.0,24501.37788969216,True
3712,77,white board,0.8046875,19363.0,0.98046875,19532.0,23470.983616073165,True
3720,77,white board,0.77734375,12209.0,0.98046875,12164.0,13211.376733117788,True
3249,80,white board,0.859375,41251.0,0.98046875,41462.0,58444.06403265982,True
3260,80,white board,0.7578125,21542.0,0.97265625,21854.0,28928.657206915974,True
3277,80,white board,0.6796875,7688.0,0.97265625,7739.0,10759.636096628401,True
3278,80,white board,0.71484375,7709.0,0.97265625,7791.0,10760.85110589908,True
3269,80,white board,0.66015625,12526.0,0.9765625,12611.0,18077.896046098485,True
3276,80,white board,0.66015625,7640.0,0.97265625,7686.0,10756.686265733462,True
3285,80,white board,0.5,6392.0,0.96875,6502.0,8714.56739553944,True
3264,80,white board,0.6640625,12574.0,0.9765625,12656.0,18072.964696094943,True
3172,83,white board,0.416015625,9986.0,0.9765625,10158.0,16664.270051890024,True
17668,94,white board,0.7109375,19862.0,0.9609375,20384.0,30269.130005701732,True
3284,80,white board,0.46875,6439.0,0.97265625,6489.0,8485.918768428224,True
3290,80,white board,0.703125,6236.0,0.97265625,6318.0,8463.69949850298,True
3267,80,white board,0.60546875,12491.0,0.9765625,12612.0,18184.89183078297,True
4595,65,white board,0.63671875,10575.0,0.9765625,10663.0,14114.500929379887,True
3270,80,white board,0.54296875,12544.0,0.9765625,12604.0,17997.832268044713,True
3286,80,white board,0.546875,6316.0,0.97265625,6399.0,8565.980753454318,True
3271,80,white board,0.71484375,12495.0,0.9765625,12552.0,18055.039411301666,True
17673,94,white board,0.703125,19779.0,0.9609375,20510.0,29945.709627188753,True
17670,94,white board,0.7265625,19741.0,0.9609375,20494.0,29884.19785789303,True
17690,94,white board,0.478515625,4488.0,0.96875,4509.0,6008.390473791509,True
3153,83,white board,0.58203125,31238.0,0.9765625,31779.0,45011.12864541737,True
3289,80,white board,0.6796875,6421.0,0.97265625,6505.0,8703.765145400139,True
3147,83,white board,0.71484375,31631.0,0.98046875,31838.0,41744.16338156296,True
17684,94,white board,0.453125,4534.0,0.96875,4548.0,5815.878750569523,True
17685,94,white board,0.4609375,4564.0,0.96484375,4705.0,6420.807690035464,True
3162,83,white board,0.7109375,15992.0,0.98046875,16016.0,20821.55756550868,True
3168,83,white board,0.50390625,10717.0,0.9765625,10884.0,17787.698726351708,True
17682,94,white board,0.447265625,4516.0,0.96875,4633.0,6199.145461570983,True
17676,94,white board,0.64453125,20294.0,0.94921875,21261.0,32486.029113828037,True
17691,94,white board,0.41015625,4377.0,0.96484375,4586.0,6492.795032561759,True
3163,83,white board,0.56640625,15538.0,0.9765625,15577.0,20748.520037324193,True
17672,94,white board,0.76171875,19844.0,0.94921875,21656.0,31675.936295097126,True
3167,83,white board,0.419921875,10938.0,0.97265625,11198.0,17946.69399228915,True
17686,94,white board,0.46484375,4528.0,0.96875,4548.0,5909.13905721038,True
3151,83,white board,0.7890625,31341.0,0.98046875,31489.0,44105.334321101174,True
3160,83,white board,0.640625,16086.0,0.9765625,16165.0,21357.884065034494,True
3161,83,white board,0.61328125,16041.0,0.98046875,16057.0,20796.406147760023,True
17683,94,white board,0.61328125,4538.0,0.96875,4731.0,6295.562936709216,True
17687,94,white board,0.48828125,4573.0,0.96875,4559.0,5667.995788871349,True
3150,83,white board,0.67578125,31576.0,0.98046875,31859.0,45345.70381369445,True
3154,83,white board,0.7734375,30995.0,0.98046875,31181.0,43040.57900654523,True
3156,83,white board,0.609375,15746.0,0.98046875,15884.0,21351.41389057633,True
17688,94,white board,0.48828125,4634.0,0.96875,4740.0,6310.474053795068,True
4598,65,white board,0.57421875,10647.0,0.9765625,10686.0,13847.510173279888,True
17689,94,white board,0.5703125,4540.0,0.96875,4647.0,6129.843804863968,True
17694,94,white board,0.57421875,4585.0,0.96875,4702.0,6129.905956653284,True
4591,65,white board,0.50390625,10810.0,0.9765625,10927.0,14562.95826305547,True
17692,94,white board,0.5546875,4326.0,0.96484375,4494.0,6384.90115293713,True
3177,83,white board,0.55078125,6595.0,0.97265625,6732.0,10845.494159730675,True
4590,65,white board,0.5859375,11061.0,0.97265625,11167.0,14818.004832658788,True
17693,94,white board,0.67578125,4552.0,0.96484375,4679.0,6445.350264973501,True
15838,114,white board,0.78515625,22121.0,0.96484375,22489.0,25827.405399949806,True
3176,83,white board,0.373046875,6574.0,0.97265625,6698.0,10575.022141127487,True
3694,77,white board,0.87890625,73440.0,0.98828125,73534.0,93595.70097902688,True
15837,114,white board,0.828125,22192.0,0.953125,22781.0,27242.977478449255,True
3719,77,white board,0.7578125,12147.0,0.98046875,11949.0,13366.212956231113,True
3697,77,white board,0.859375,34758.0,0.984375,34847.0,43164.33519789722,True
3717,77,white board,0.7578125,12207.0,0.98046875,12080.0,13079.269576444474,True
3700,77,white board,0.78515625,35399.0,0.984375,35511.0,42007.891341008326,True
3725,77,white board,0.77734375,13090.0,0.98046875,13081.0,14800.962393658518,True
3702,77,white board,0.7890625,35626.0,,,,
3263,80,white board,0.640625,12349.0,0.9765625,12463.0,17528.28332131868,True
3265,80,white board,0.71875,12425.0,0.9765625,12519.0,17503.67444991391,True
3149,83,white board,0.64453125,31612.0,0.98046875,31910.0,43053.60530315897,True
3145,83,white board,0.6953125,31777.0,0.98046875,31957.0,42614.40071857317,True
3158,83,white board,0.62890625,16024.0,0.98046875,16091.0,21874.103778688997,True
3148,83,white board,0.6796875,31799.0,0.98046875,31905.0,42653.93785299344,True
3157,83,white board,0.65234375,15951.0,0.9765625,16047.0,21577.187099131257,True
3159,83,white board,0.55078125,16016.0,0.9765625,16177.0,22099.240811833253,True
3164,83,white board,0.5625,15568.0,0.9765625,15702.0,20785.88754621314,True
3155,83,white board,0.58984375,15990.0,0.98046875,16036.0,21553.6383493151,True
3166,83,white board,0.609375,10995.0,0.9765625,11131.0,17765.046196506326,True
3165,83,white board,0.62890625,10998.0,0.97265625,11268.0,17965.114663403638,True
3879,71,white board,0.80078125,68201.0,0.984375,68479.0,85734.31097498041,True
3889,71,white board,0.7890625,24861.0,0.98046875,24905.0,33608.73121977389,True
3890,71,white board,0.6953125,24968.0,0.98046875,25030.0,34170.72855621177,True
3891,71,white board,0.734375,25111.0,0.98046875,25159.0,33326.36357282115,True
3892,71,white board,0.640625,25127.0,0.98046875,25158.0,32943.41430679051,True
3893,71,white board,0.77734375,24539.0,0.98046875,24537.0,31515.72788868316,True
3901,71,white board,0.66796875,24574.0,0.9765625,24685.0,33397.529756458476,True
3894,71,white board,0.71875,24602.0,0.98046875,24591.0,31612.16195936105,True
3917,71,white board,0.455078125,14183.0,0.9765625,14228.0,17251.29283788579,True
3919,71,white board,0.71875,8450.0,0.9765625,8351.0,9285.45895934717,True
3918,71,white board,0.69921875,14142.0,0.9765625,14227.0,17454.279939599393,True
3916,71,white board,0.625,14109.0,0.9765625,14173.0,17133.15531683366,True
4579,65,white board,0.6171875,26934.0,0.9765625,27126.0,35221.60552643236,True
4578,65,white board,0.66796875,27221.0,0.98046875,27344.0,35744.59128041985,True
4582,65,white board,0.546875,26810.0,0.98046875,26934.0,33471.70470867483,True
4585,65,white board,0.6015625,26844.0,0.98046875,26995.0,33407.268310414176,True
4593,65,white board,0.67578125,10870.0,0.97265625,11015.0,14647.991667083803,True
4583,65,white board,0.61328125,26850.0,0.98046875,27035.0,33278.520576426716,True
4592,65,white board,0.55859375,10876.0,0.9765625,10975.0,14792.157217704178,True
4588,65,white board,0.5859375,26202.0,0.98046875,26621.0,33596.459873144995,True
