image_id,dive_id,dot_x,dot_y
4014,63,1985.3223997484213,1429.7642255227465
4007,63,1956.9689686312056,1340.3354114603287
3246,80,2063.579472508676,1328.3942385977302
4096,62,2015.7118562906417,1399.7127571261663
4074,62,1988.430226965408,1314.4329637364838
3714,77,1949.905789588061,1435.7221891196966
3878,71,2039.9548143545574,1316.2158245273092
17671,94,2022.446118106025,1386.1191750823623
4015,63,1985.0518048226475,1428.9548523639196
3259,80,2079.7981051369816,1389.4021725465914
4082,62,2008.0587343156008,1370.626055475953
4075,62,1989.1857345200401,1315.5266176201908
4012,63,1984.8380356370922,1429.6575635631161
4092,62,2015.2719508781074,1400.675935885988
3721,77,1950.312648914363,1435.1326091015392
4088,62,2014.022339105149,1398.1515143910447
4076,62,1988.7545188190406,1312.8240721286286
3266,80,2090.481726180667,1423.130326165005
4090,62,2013.719885632579,1400.7338622843192
4079,62,2006.9488849765412,1374.8503203928356
4016,63,1988.039555230307,1431.449699111944
4020,63,1987.8750682499115,1433.5387920223873
4083,62,2007.194916237439,1372.6671997754527
3256,80,2078.250019631743,1389.9208424598223
4077,62,1988.0683591550064,1314.1271652445814
4580,65,2019.5663790080205,1361.2293232373993
4577,65,1998.0518476223901,1299.8260222970862
4084,62,2006.9463917210428,1371.7673576602463
4078,62,1988.7518216518397,1311.4560101334923
4091,62,2015.7077430647594,1401.9915029666276
4013,63,1986.6605395561726,1429.7141266382494
4010,63,1983.206379302096,1426.3954975279885
4021,63,1994.9217208305352,1459.5139547803137
4001,63,1953.2647377348196,1329.4319485223828
4004,63,1956.9637407702098,1340.2023961304753
4089,62,2012.7457244168234,1397.2445904276265
3261,80,2080.59841411382,1389.9435294745872
4080,62,2006.8841299991598,1365.730074667299
4011,63,1983.4859249910019,1427.3250066275673
3268,80,2089.833932262578,1423.8353391948012
3262,80,2090.86444127759,1425.966315409291
4573,65,1991.7638933832984,1290.2238158782882
4576,65,1995.7451413757558,1298.775708353912
4575,65,1997,1299.4366143518737
4574,65,1994.0241003774863,1294.3088739079744
4005,63,1956.8994264648322,1337.318695339654
4008,63,1982.8857036711697,1425.4449176019134
4087,62,2016.5134054671732,1399.39873201115
4009,63,1984.9722702924169,1425.979080130635
4006,63,1957.2403863681607,1338.9459009493444
3903,71,2072.2699260252175,1428.3590701415103
14782,87,2097.372998319989,1462.5850511688625
4002,63,1955.256209673151,1328.8764651794054
4081,62,2006.8261956656372,1369.0863123260824
14567,87,2074.8496340696315,1384.2406040931198
4086,62,2009.0372312215643,1369.8875178837452
3910,71,2083.433342114428,1461.9650009739587
14781,87,2097.6729069564185,1459.2477253467348
14580,87,2074.488439694793,1378.1104200016027
14780,87,2098.2618839719444,1461.1434062057551
14778,87,2097.624878226556,1462.1645893040954
14569,87,2072.569297954364,1381.874306136056
14779,87,2097.6714576349773,1460.7521210031382
14564,87,2073.341181586587,1380.9631957432953
3915,71,2081.0748104125314,1463.0665611699283
14787,87,2098.1104402139536,1460.2030322356134
14784,87,2098.4094074170353,1461.3863346378075
4085,62,2007.1884216947194,1373.4773664393197
4581,65,2016.869472209959,1363.6536300397263
14783,87,2097.537307601317,1460.6513154890486
14579,87,2073.92942611109,1376.9511882275879
14793,87,2095.396929617052,1460.7381666480696
14791,87,2098.0662596091465,1461.2377189504439
3701,77,1925.8470290069154,1358.4678205674552
4587,65,2017.1929146959092,1364.2270049241015
14788,87,2097.8924029944174,1460.4682858920128
3716,77,1949.1739695502642,1435.897844531141
4584,65,2017.3627967285222,1362.7037010102288
14566,87,2073.681333216133,1381.551857879116
3244,80,2060.1940332239897,1322.5021375845963
3706,77,1942.595796543977,1404.9933694860379
4594,65,2035.7412395056906,1422.6378849276302
14581,87,2073.1279173559005,1377.9296036208689
4597,65,2035.6816953467708,1422.989412861998
4609,65,2044.4896432516223,1446.2312305396804
4600,65,2042.5244450294506,1443.0861380143342
14794,87,2098.1145138080055,1460.2461750784241
4601,65,2042.340824489605,1444.202173350147
3245,80,2062.672556763087,1329.2135818306465
3250,80,2062.8682160825965,1336.0361595002462
17667,94,2019.4587177762942,1383.4601532184827
3877,71,2035.2128731711325,1316.677639321276
4603,65,2042.3945084152635,1444.5843298131256
4604,65,2043.103679244705,1445.1902349287286
14573,87,2073.4483774883056,1379.885527920536
17669,94,2019.6399485843494,1383.0049790601254
3882,71,2040.6483392598152,1322.6739279079031
3883,71,2040.2570976570464,1324.4678321663848
14568,87,2071.9691881778604,1383.440122922496
3880,71,2039.8022547638639,1321.9808539650467
3881,71,2040.0575696554868,1322.6256009304834
3884,71,2051.824427587223,1363.2969333770993
14578,87,2074.043173250435,1378.1378824220458
14571,87,2072.5208661305023,1381.2446316463988
3885,71,2053.091544835551,1361.606009562627
3715,77,1948.6861113987623,1435.7367923625227
3886,71,2052.018093705795,1345.7724711368862
3922,71,2092.526926041293,1491.4866129005763
3887,71,2053.355014321578,1360.3374917081528
3914,71,2083.9735319419738,1466.5696731487658
3171,83,2056.7395538943747,1413.7248359610073
3254,80,2079.667927901019,1385.4728360388572
14789,87,2098.3968858355665,1461.1693650558373
3888,71,2049.5349084910067,1356.1789551817358
3921,71,2094.072985443945,1489.9666009339187
3923,71,2093.5365110292946,1491.354773548639
15833,114,1960.4864167564663,1406.871547444169
3258,80,2079.696291243623,1390.890748135898
3905,71,2072.1116750068436,1427.6198398827316
3924,71,2092.2480479588203,1491.4547698724364
14786,87,2097.6660606008118,1461.183119687758
15834,114,1961.4697201800816,1406.9484642496716
15832,114,1960.1882812154358,1406.6166375443242
3911,71,2084.5564563459197,1464.8543656852335
14785,87,2097.1282787385626,1461.6243821554629
14792,87,2097.6701308789407,1462.0224700289195
15830,114,1958.8331663104693,1405.8917635129617
16036,114,1996.37137502688,1482.1081329759168
14565,87,2074.890171845755,1382.0239777783886
14777,87,2098.903168442248,1461.2377189504439
3257,80,2079.7771150061235,1388.475522208608
16046,114,1997.1749373780908,1482.638770728037
14790,87,2096.984609801766,1461.9798322846525
15842,114,1961.7016951328958,1407.8215081674077
15840,114,1960.3202569246466,1408.0675230821514
3247,80,2061.98538575083,1329.1520609903778
15841,114,1960.8710150316804,1408.7300614126716
15839,114,1960.0902544437663,1406.9014232659822
16031,114,1996.9877481401807,1483.8832641707606
15843,114,1961.122082166038,1407.8651076448211
15835,114,1960.5327018392043,1405.1088812842816
15845,114,1960.6471119461896,1407.693043077019
15844,114,1960.6640719336715,1405.0477107826478
16033,114,1995.5405711992478,1481.2932291226712
16038,114,1996.6856085815257,1482.8924659701624
16034,114,1997.2379879261705,1482.7108964994836
16043,114,1998.4027324611118,1482.5504359460897
16039,114,1997.3914251301223,1481.3396981115718
16041,114,1995.9212840709622,1479.3844463872892
16044,114,1997.539641270376,1481.806383206952
16035,114,1995.923993805593,1484.0540110761867
16040,114,1998.362171913621,1480.2784410395482
3691,77,1898.2168717693864,1274.8391976916282
3693,77,1902.6412478336222,1280.623916811092
3699,77,1926.1752452487492,1358.0110095955752
16037,114,1996.1878732022797,1478.4370744039486
16042,114,1997.431102712271,1479.8005412983905
16045,114,1998.3674566751856,1479.428917883009
3248,80,2062.021124738904,1327.97867393012
3713,77,1941.1897940767424,1407.8613133010115
3692,77,1898.7991192587936,1274.1764432350064
3718,77,1949.671470234416,1436.1736860900978
3711,77,1941.7664649397,1408.0254944338346
3712,77,1941.0852669185772,1408.0118284143255
3720,77,1950.7351294625282,1436.1082824116666
3249,80,2063.2325746957154,1333.7529966821867
3260,80,2082.1937537624945,1389.1180115268905
3277,80,2098.7868794997353,1449.7662131191628
3278,80,2097.747634148163,1448.4042445978532
3269,80,2090.307821015101,1420.3366769497466
3276,80,2097.933834478349,1448.5261167732629
3285,80,2100.568807308463,1456.8462167688092
3264,80,2089.2966707479013,1425.3101127992443
3172,83,2056.066875027883,1415.2691492441618
17668,94,2019.6037558657752,1381.8312411905565
3284,80,2099.2756970272444,1460.7914503430893
3290,80,2099.522586769731,1457.1121385826689
3267,80,2090.2758982714527,1425.1391483848167
4595,65,2036.0278383027776,1422.4637509462884
3270,80,2090.9570841295426,1425.9285219325543
3286,80,2102.1597899390563,1457.493598058355
3271,80,2091.132246189784,1424.2125867776529
17673,94,2021.5817639478878,1385.5589436267767
17670,94,2020.779177496842,1381.3297299055005
17690,94,2039.9257381753312,1454.0691500824973
3153,83,2034.187886451979,1334.4889934650623
3289,80,2098.9572536755877,1457.1771419058384
3147,83,2037.1476521497834,1340.5636478098636
17684,94,2039.8874123660323,1452.6664088611724
17685,94,2038.8997786298737,1453.61914015059
3162,83,2050.5092396812533,1390.3407290458265
3168,83,2054.2623579450124,1410.1298764189487
17682,94,2039.73233333507,1452.8352442596997
17676,94,2019.770004847539,1384.4833427555031
17691,94,2037.6695499518457,1453.215649506706
3163,83,2051.0293557925916,1388.7392308053015
17672,94,2020.901359462305,1381.661707570454
3167,83,2055.140273310064,1408.8604964213237
17686,94,2038.829007105143,1453.5055137950303
3151,83,2033.6769228369187,1334.8844938803782
3160,83,2049.5132773667715,1384.604625999252
3161,83,2049.366155833403,1388.392841028287
17683,94,2036.5854951350677,1455.0905036767551
17687,94,2039.5523526457346,1453.767956753442
3150,83,2032.810180327899,1336.6706856631727
3154,83,2033.8651557193284,1338.5700430810925
3156,83,2049.039780299601,1386.6841673286915
17688,94,2039.3128994657086,1452.3066183508838
4598,65,2036.533856970158,1422.283481853504
17689,94,2039.9009279462216,1453.0788156904446
17694,94,2036.9896179083864,1450.2178718448924
4591,65,2035.8617201471793,1422.784609194879
17692,94,2039.5705162242455,1453.956051033379
3177,83,2063.929647300896,1435.3016087407927
4590,65,2033.9951979782174,1422.1924965230107
17693,94,2037.7983622654124,1452.4187921216353
15838,114,1960.0533625054939,1407.898144747188
3176,83,2063.3548965446253,1434.3144719091467
3694,77,1899.2597932912279,1274.983560350814
15837,114,1960.8777287020723,1407.6279684158883
3719,77,1950.298244895232,1434.3203353952445
3697,77,1927.5621121271809,1358.402631158678
3717,77,1949.5305086583703,1434.2288633777507
3700,77,1926.7376522686152,1356.9172205039702
3725,77,1949.7477854190267,1430.6137011388441
3702,77,1926.5803489030232,1358.550498903379
3263,80,2090.8116723098115,1424.525196089179
3265,80,2089.083200523005,1426.101698010859
3149,83,2033.747951663048,1335.2083538401089
3145,83,2033.5409992784394,1338.208678754614
3158,83,2049.9268507483985,1388.197084222549
3148,83,2032.9628883172818,1336.4491605605717
3157,83,2051.1053321586896,1388.9607342790957
3159,83,2048.365413422578,1386.900353887638
3164,83,2050.23489925348,1388.7306267516376
3155,83,2049.067021209326,1385.6007362026044
3166,83,2055.4987289578917,1410.7347350275495
3165,83,2054.632321839603,1410.794992665114
3879,71,2043.0843480771337,1322.0474965600667
3889,71,2071.0380452443887,1425.5580034010147
3890,71,2072.095241486765,1425.2983356477237
3891,71,2072.230994086062,1423.2300496613134
3892,71,2072.064119264604,1425.1322818857561
3893,71,2072.617516539057,1427.031511086667
3901,71,2072.260152675614,1427.5330636416982
3894,71,2072.780000739417,1429.3290004843805
3917,71,2082.6778246561676,1464.1764476570647
3919,71,2093.1091439770817,1491.430355854232
3918,71,2082.118314629156,1465.4384914827929
3916,71,2084.9768183806605,1464.8648956953173
4579,65,2018.5984444075957,1362.5047106486402
4578,65,2017.8108973208773,1362.3724035578475
4582,65,2017.5407811181838,1363.0945954733809
4585,65,2017.0023483546902,1362.4842902171135
4593,65,2035.383361424113,1422.736332704913
4583,65,2017.6232192061343,1362.578358487068
4592,65,2035.9983356172409,1423.0816357039555
4588,65,2017.0897249884322,1362.8321417888112
