cal,session,mean_err,mae,fish
known size,62,0.006496008749620752,0.014844549502159632,4
known size,63,-0.04434928004937233,0.04434928004937233,4
known size,65,-0.0200165737473073,0.02493440796508395,5
known size,71,-0.006804509420807163,0.05338867252580589,3
known size,77,0.017420822933795627,0.020265764007335513,4
known size,80,-0.004255392825280128,0.007385950795948097,3
known size,83,-0.04626795284145344,0.04626795284145344,5
known size,87,-0.018619385340578942,0.018619385340578942,1
known size,94,-0.02938409925563923,0.02938409925563923,1
known size,114,-0.028613576933793294,0.028613576933793294,1
label-free,62,0.01781960146620315,0.021610102983453283,4
label-free,63,-0.047849722194199945,0.047849722194199945,4
label-free,65,-0.019249462643934477,0.0241387220956776,5
label-free,71,-0.01230282711141569,0.051708656748345426,3
label-free,77,0.02403695198123207,0.02403695198123207,4
label-free,80,-0.005610988887120009,0.008156611215701881,3
label-free,83,-0.05334934555541435,0.05334934555541435,5
label-free,87,-0.01993584250628544,0.01993584250628544,1
label-free,94,0.0006419137170443623,0.0006419137170443623,1
label-free,114,-0.0832432019444852,0.0832432019444852,1
sam3_box,62,-0.002421287831452207,0.011112837425098249,4
sam3_box,63,-0.04752076396636162,0.04752076396636162,4
sam3_box,65,-0.017058981593805478,0.022786577007073584,5
sam3_box,71,-0.0014982914270070442,0.05747314640754627,3
sam3_box,77,0.033297322164721255,0.033297322164721255,4
sam3_box,80,-0.007102764689244534,0.00845038056526004,3
sam3_box,83,-0.05709221616336522,0.05709221616336522,5
sam3_box,87,-0.019891748003325715,0.019891748003325715,1
sam3_box,94,0.05530685841198002,0.05530685841198002,1
sam3_box,114,-0.04085470210118991,0.04085470210118991,1
sam3_rect_centre,62,0.0095734918474496,0.01638122674026421,4
sam3_rect_centre,63,-0.05353394772065609,0.05353394772065609,4
sam3_rect_centre,65,-0.02515840494279391,0.028059985035396973,5
sam3_rect_centre,71,-0.022503234138166277,0.04630234340673282,3
sam3_rect_centre,77,-0.04629080051692269,0.04629080051692269,4
sam3_rect_centre,80,-0.016404433669842605,0.016404433669842605,3
sam3_rect_centre,83,-0.06791852978081794,0.06791852978081794,5
sam3_rect_centre,87,-0.07637109812869824,0.07637109812869824,1
sam3_rect_centre,94,-0.0007462355391912867,0.0007462355391912867,1
sam3_rect_centre,114,-0.07216940560987395,0.07216940560987395,1
sam3_rect_dot,62,0.008934999822601014,0.015977046459296346,4
sam3_rect_dot,63,-0.0557837018783473,0.0557837018783473,4
sam3_rect_dot,65,-0.02508048763348374,0.028000534933133835,5
sam3_rect_dot,71,-0.022557707352800493,0.046273664296265705,3
sam3_rect_dot,77,-0.049613064805089924,0.049613064805089924,4
sam3_rect_dot,80,-0.01661898833998769,0.01661898833998769,3
sam3_rect_dot,83,-0.06827342721361704,0.06827342721361704,5
sam3_rect_dot,87,-0.07578149858855299,0.07578149858855299,1
sam3_rect_dot,94,5.3523009023725976e-05,5.3523009023725976e-05,1
sam3_rect_dot,114,-0.07217421633720655,0.07217421633720655,1
sam3_rect_dot_tilt30,62,0.008934999822601014,0.015977046459296346,4
sam3_rect_dot_tilt30,63,-0.0557837018783473,0.0557837018783473,4
sam3_rect_dot_tilt30,65,-0.02508048763348374,0.028000534933133835,5
sam3_rect_dot_tilt30,71,-0.022557707352800493,0.046273664296265705,3
sam3_rect_dot_tilt30,77,0.003219440368993437,0.017537923777052572,4
sam3_rect_dot_tilt30,80,-0.01661898833998769,0.01661898833998769,3
sam3_rect_dot_tilt30,83,-0.06827342721361704,0.06827342721361704,5
sam3_rect_dot_tilt30,87,-0.05479566856145912,0.05479566856145912,1
sam3_rect_dot_tilt30,94,5.3523009023725976e-05,5.3523009023725976e-05,1
sam3_rect_dot_tilt30,114,-0.07217421633720655,0.07217421633720655,1
sam3_text,62,-0.0019228499478660122,0.011161460364515319,4
sam3_text,63,-0.04302938432751524,0.04302938432751524,4
sam3_text,65,-0.01789747125958834,0.0233042267818933,5
sam3_text,71,-0.00550915767525247,0.05532899747121012,3
sam3_text,77,0.02339364094023938,0.02339364094023938,4
sam3_text,80,-0.004467361010992728,0.007924293286425485,3
sam3_text,83,-0.050585197305802354,0.050585197305802354,5
sam3_text,87,-0.012281082251464626,0.012281082251464626,1
sam3_text,94,0.04203028539551701,0.04203028539551701,1
sam3_text,114,-0.0126938948610259,0.0126938948610259,1
unknown size (labelled),62,0.010145202570870232,0.016743216983500037,4
unknown size (labelled),63,-0.04405110359968825,0.04405110359968825,4
unknown size (labelled),65,-0.02193751872683918,0.025708656722577626,5
unknown size (labelled),71,-0.01234505362707087,0.05168619931801092,3
unknown size (labelled),77,0.02753832120155214,0.02753832120155214,4
unknown size (labelled),80,-0.003166190679752101,0.007660397237000664,3
unknown size (labelled),83,-0.04914670082554915,0.04914670082554915,5
unknown size (labelled),87,-0.03507338902153945,0.03507338902153945,1
unknown size (labelled),94,0.001957578486243783,0.001957578486243783,1
unknown size (labelled),114,-0.029426092531711245,0.029426092531711245,1
