dive_id,camera_id,laser_position,laser_axis
489,2,"[-0.030150344595313072, -0.09927163273096085, 0.0]","[0.0020930548198521137, 0.018659019842743874, 0.9998237490653992]"
62,5,"[-0.030078189447522163, -0.09927792847156525, 0.0]","[0.014451604336500168, 0.03844136372208595, 0.9991563558578491]"
63,3,"[-0.03206002712249756, -0.09930168092250824, 0.0]","[0.0013077228795737028, 0.027590053156018257, 0.999618411064148]"
83,10,"[-0.029473014175891876, -0.09940780699253082, 0.0]","[0.02901473641395569, 0.013735744170844555, 0.9994845986366272]"
65,4,"[-0.03170420974493027, -0.09955649077892303, 0.0]","[0.026946846395730972, 0.02996676415205002, 0.9991876482963562]"
71,2,"[-0.031173786148428917, -0.10015573352575302, 0.0]","[0.03132905066013336, 0.047706976532936096, 0.9983699321746826]"
77,1,"[-0.03057379275560379, -0.099056176841259, 0.0]","[0.005684984847903252, 0.032687537372112274, 0.9994494318962097]"
80,6,"[-0.029877623543143272, -0.10001984238624573, 0.0]","[0.022014986723661423, 0.027923760935664177, 0.9993675947189331]"
436,4,"[-0.033095866441726685, -0.09966263920068741, 0.0]","[0.02377108670771122, 0.04443387687206268, 0.998729407787323]"
87,6,"[-0.03086426481604576, -0.09721814841032028, 0.0]","[0.02015918307006359, 0.024367349222302437, 0.9994997978210449]"
94,4,"[-0.02520688995718956, -0.09540274739265442, 0.0]","[0.022173726931214333, 0.026320604607462883, 0.9994075894355774]"
107,5,"[-0.031959716230630875, -0.12553761899471283, 0.0]","[0.008735720068216324, 0.0529530830681324, 0.9985588192939758]"
114,1,"[-0.045947037637233734, -0.09184899181127548, 0.0]","[0.021205013617873192, 0.0318765789270401, 0.9992668628692627]"
490,2,"[-0.030539147555828094, -0.0982133224606514, 0.0]","[0.007318202871829271, 0.032075513154268265, 0.9994586110115051]"
493,3,"[-0.03120303712785244, -0.10082746297121048, 0.0]","[0.007157667074352503, 0.011719287373125553, 0.9999057650566101]"
496,4,"[-0.0299493707716465, -0.10004888474941254, 0.0]","[-0.0115765780210495, 0.02225852571427822, 0.9996852278709412]"
499,5,"[-0.031095726415514946, -0.09982747584581375, 0.0]","[0.01638803631067276, 0.02205009199678898, 0.9996225237846375]"
502,6,"[-0.031218819320201874, -0.09913596510887146, 0.0]","[0.04245704784989357, 0.0040075890719890594, 0.999090313911438]"
505,10,"[-0.030628323554992676, -0.09967930614948273, 0.0]","[0.019755495712161064, -0.017258211970329285, 0.9996558427810669]"
509,4,"[-0.0319003127515316, -0.0997210368514061, 0.0]","[0.01650560460984707, 0.022315258160233498, 0.9996147751808167]"
518,10,"[-0.031192677095532417, -0.09921436011791229, 0.0]","[0.027715051546692848, 0.0123939523473382, 0.9995390176773071]"
521,2,"[-0.03156496211886406, -0.10004708915948868, 0.0]","[0.030475571751594543, 0.038446009159088135, 0.9987958073616028]"
522,3,"[-0.030297501012682915, -0.09880325198173523, 0.0]","[-0.007203501183539629, 0.018382040783762932, 0.9998050332069397]"
