dive_slate_id,name,dpi,reference_points
1,H-Slate,300,"[[822.8404862540415, 971.6174754141606], [1413.419849270937, 978.3779308356633], [2298.696081296337, 984.0591036758454], [2886.220395843817, 987.7347396232883], [819.2028467565624, 1561.5710265465939], [1407.0122514975506, 1565.1603611942255], [2300.1056524481164, 1571.4550651382933], [2887.6162895855664, 1576.390767015382]]"
5,Tic-Tac-Toe 4,300,"[[591.9493127134886, 419.73291956851295], [1180.375218367864, 415.508647477124], [2008.7060450606716, 408.7832988960453], [2598.7223535242415, 401.20588324117523], [594.2177470825221, 1320.1595244257721], [1183.4343179108548, 1318.369903930235], [2016.1826073962275, 1316.5857288918276], [2604.907191981395, 1314.7051789793095]]"
6,Tic-Tac-Toe 5,300,"[[403.8205816493262, 631.5968154288058], [993.2497902769651, 632.7766211186832], [1740.9198685182203, 635.3794945908605], [2328.4124741771443, 635.521328189681], [425.52889197228865, 1488.5791173820157], [1014.7334760788126, 1491.8682245487987], [1758.603030468457, 1496.092149318488], [2346.7834576540045, 1498.101145176125]]"
7,Tic-Tac-Toe 6,300,"[[495.4112011445373, 392.73624451189136], [1085.311077010467, 389.554881713577], [1759.819487534749, 385.38891892656096], [2348.1289135916677, 379.9113269488712], [548.2033935446091, 1545.108970466092], [1137.1556910423612, 1539.6503159681731], [1772.0744635842048, 1535.2580570522443], [2360.6314833201213, 1529.5025686051904]]"
8,V-Slate 1,300,"[[1273.415553462368, 261.32005259514614], [2524.08142156518, 1592.7326951022442], [3645.651741698752, 556.3806989055934], [4045.648281376697, 965.3555721819871], [2504.9828552161666, 2396.673231186069], [863.4172026886467, 654.9408839549113]]"
2,Tic-Tac-Toe 1,300,"[[742.0028715548506, 557.2997986311067], [1329.7314322659072, 557.4726394348521], [1754.7804441391793, 559.2988413736714], [2342.4296093980597, 559.3679403905053], [747.6855253348591, 1545.4166682745733], [1337.2068347941715, 1544.5620656628212], [1747.6638481535583, 1545.1873062651016], [2336.8058822999024, 1544.578003781659]]"
3,Tic-Tac-Toe 2,300,"[[726.1660670534873, 459.3765514487199], [1312.9571993585093, 461.84902019087014], [1934.670738057296, 461.7409288884385], [2521.64376373829, 458.6696499983374], [721.6212893842705, 1438.5247410500203], [1309.3867868995367, 1434.0859395923685], [1946.2320997372922, 1430.3215874747714], [2534.163889311861, 1426.4965326852737]]"
4,Tic-Tac-Toe 3,300,"[[459.36098047630213, 500.8541860022273], [1045.9574872852036, 488.9389727926357], [1554.2177202139144, 478.35487601729653], [2141.093644695226, 465.2319269239367], [491.8785927718195, 1575.7954997280938], [1080.1934829816523, 1572.786420747325], [1544.7000577110211, 1572.161854480481], [2133.0707069341806, 1569.3245993809846]]"
9,V-Slate 2,300,"[[1272.6108584680076, 262.62780550694123], [2523.377892653367, 1574.1534777287309], [3851.8184486237515, 604.4655914788805], [4129.430250329498, 1111.9308771678943], [2434.4017658597595, 2352.6337024633476], [860.3484378557683, 663.723538978959]]"
10,V-Slate 3,300,"[[1179.0084868747833, 117.81684380775803], [2752.091097298008, 1538.4702475910544], [3668.6909445893743, 460.7455616290455], [4069.025033904235, 822.238374386121], [2784.5545688670823, 2374.0171777152314], [816.5862342973786, 561.4466136108025]]"
11,V-Slate 4,300,"[[1280.8642797637308, 206.70708203193908], [2413.892997000391, 1499.7727347923685], [3554.764767603574, 373.49378534183774], [3954.107084303278, 788.5928586458624], [2396.4774447830696, 2352.025204305883], [871.5321852397624, 608.878128767511]]"
