dive_id,camera_id,dive_datetime,kind
26,1,2023-08-03 10:44:08+00,REEF field
14,1,2023-08-03 14:19:28+00,other
17,1,2023-08-03 14:29:50+00,REEF field
43,1,2023-08-03 14:30:29+00,other
15,1,2023-08-03 15:02:25+00,REEF field
24,1,2023-08-03 16:21:31+00,REEF field
45,1,2023-08-17 12:14:34+00,REEF field
51,6,2023-08-23 07:11:25+00,REEF field
53,10,2023-08-23 07:14:57+00,REEF field
57,1,2023-08-23 09:53:25+00,REEF field
55,2,2023-08-23 09:56:38+00,REEF field
52,5,2023-08-23 10:06:58+00,REEF field
56,4,2023-08-23 12:03:58+00,REEF field
383,3,2024-06-26 07:52:45+00,REEF field
436,4,2024-10-16 11:33:02+00,REEF field
16,1,2023-08-03 10:29:49+00,REEF field
35,1,2023-08-03 10:41:00+00,other
108,10,2023-08-31 15:52:52+00,REEF field
95,1,2023-08-31 18:53:09+00,REEF field
112,6,2023-08-31 18:55:08+00,REEF field
109,5,2023-08-31 18:55:51+00,REEF field
90,4,2023-08-31 20:51:04+00,REEF field
145,10,2023-09-01 09:58:18+00,REEF field
129,4,2023-09-01 10:01:18+00,REEF field
62,5,2023-08-29 13:46:42+00,REEF field
58,2,2023-08-29 14:12:08+00,REEF field
59,1,2023-08-29 14:10:45+00,REEF field
61,6,2023-08-29 11:02:40+00,REEF field
66,10,2023-08-29 11:20:01+00,REEF field
94,4,2023-08-31 21:41:38+00,REEF field
87,6,2023-08-31 19:47:37+00,REEF field
107,5,2023-08-31 14:13:48+00,REEF field
156,6,2023-09-01 10:12:55+00,REEF field
138,10,2023-09-01 10:30:48+00,REEF field
174,2,2023-09-01 10:35:56+00,REEF field
124,3,2023-09-01 10:40:03+00,REEF field
127,4,2023-09-01 10:48:34+00,REEF field
137,1,2023-09-01 10:59:21+00,REEF field
167,5,2023-09-01 11:01:09+00,REEF field
118,1,2023-09-01 12:43:25+00,REEF field
172,4,2023-09-01 12:47:33+00,REEF field
141,6,2023-09-01 12:51:53+00,REEF field
125,5,2023-09-01 12:52:29+00,REEF field
130,2,2023-09-01 12:52:55+00,REEF field
177,3,2023-09-01 12:59:50+00,REEF field
116,5,2023-09-01 13:51:36+00,REEF field
133,1,2023-09-01 14:01:41+00,REEF field
164,10,2023-09-01 14:01:46+00,REEF field
160,3,2023-09-01 14:34:19+00,REEF field
152,6,2023-09-01 14:50:48+00,REEF field
126,2,2023-09-01 14:51:53+00,REEF field
179,3,2023-09-22 15:46:26+00,REEF field
194,6,2023-09-26 10:17:55+00,REEF field
215,5,2023-09-26 10:18:20+00,REEF field
204,1,2023-09-26 10:18:49+00,other
211,2,2023-09-26 10:19:51+00,other
195,2,2023-09-26 11:46:48+00,other
205,6,2023-09-26 11:56:20+00,REEF field
190,1,2023-09-26 11:57:12+00,REEF field
192,5,2023-09-26 12:10:43+00,other
182,6,2023-09-26 13:17:32+00,REEF field
187,1,2023-09-26 13:18:24+00,REEF field
186,5,2023-09-26 13:20:22+00,other
183,2,2023-09-26 13:21:00+00,REEF field
231,3,2023-10-18 11:50:09+00,REEF field
228,6,2023-10-18 13:23:34+00,REEF field
223,5,2023-10-18 13:24:44+00,other
225,2,2023-10-18 13:26:13+00,REEF field
222,3,2023-10-18 13:32:12+00,other
227,1,2023-10-18 13:54:47+00,REEF field
218,4,2023-10-18 13:55:45+00,other
249,2,2023-10-19 11:10:12+00,REEF field
240,4,2023-10-19 11:38:19+00,other
244,1,2023-10-19 11:42:17+00,other
237,6,2023-10-19 11:54:52+00,REEF field
247,2,2023-10-19 11:59:57+00,other
242,3,2023-10-19 12:00:48+00,other
246,5,2023-10-19 12:03:14+00,REEF field
250,5,2023-10-23 10:15:20+00,other
253,6,2023-10-27 17:39:54+00,REEF field
254,5,2023-11-07 16:51:01+00,REEF field
257,2,2023-11-13 09:33:31+00,REEF field
268,5,2023-11-13 10:26:28+00,other
279,5,2023-11-13 12:34:08+00,other
263,1,2023-11-13 10:48:03+00,REEF field
260,2,2023-11-13 11:18:09+00,REEF field
255,2,2023-11-13 12:09:11+00,other
269,1,2023-11-13 12:26:17+00,REEF field
259,2,2023-11-13 13:12:44+00,REEF field
256,5,2023-11-13 14:19:45+00,other
262,1,2023-11-13 14:32:01+00,other
290,6,2023-11-14 09:51:11+00,other
286,1,2023-11-14 10:50:44+00,other
291,6,2023-11-14 12:13:14+00,other
280,5,2023-11-14 13:08:24+00,other
284,6,2023-11-14 13:27:34+00,other
289,5,2023-11-14 14:36:31+00,other
294,6,2023-11-20 00:00:00+00,other
295,6,2023-12-01 09:33:22+00,REEF field
303,3,2023-12-01 09:46:14+00,other
308,2,2023-12-01 09:46:56+00,REEF field
300,4,2023-12-01 11:22:44+00,REEF field
312,3,2023-12-01 11:24:26+00,REEF field
299,2,2023-12-01 11:25:48+00,REEF field
309,3,2023-12-01 12:41:19+00,REEF field
297,2,2023-12-01 12:46:47+00,REEF field
305,4,2023-12-01 12:52:16+00,other
334,2,2024-02-03 13:03:58+00,REEF field
337,6,2024-02-28 12:21:29+00,REEF field
1,1,2023-08-01 12:46:27+00,REEF field
18,1,2023-08-03 09:43:13+00,REEF field
341,1,2024-03-13 23:59:45+00,REEF field
347,2,2024-03-14 12:15:46+00,REEF field
349,6,2024-03-14 10:53:15+00,REEF field
340,1,2024-03-13 22:05:12+00,REEF field
344,1,2024-03-14 01:31:58+00,REEF field
346,6,2024-03-14 09:04:17+00,REEF field
348,2,2024-03-14 09:30:28+00,REEF field
343,6,2024-03-14 12:15:30+00,REEF field
350,2,2024-03-14 13:07:10+00,REEF field
345,2,2024-03-14 13:35:31+00,REEF field
342,1,2024-03-14 23:33:27+00,REEF field
356,1,2024-03-15 01:55:39+00,REEF field
357,6,2024-03-15 08:48:46+00,REEF field
359,2,2024-03-15 09:49:09+00,REEF field
354,6,2024-03-15 10:33:07+00,REEF field
358,2,2024-03-15 11:33:02+00,REEF field
353,2,2024-03-15 13:16:50+00,REEF field
361,3,2024-05-08 09:15:57+00,REEF field
360,3,2024-05-08 10:36:53+00,REEF field
369,1,2024-06-20 09:15:43+00,REEF field
362,2,2024-06-20 09:18:04+00,REEF field
366,2,2024-06-20 11:01:07+00,REEF field
5,1,2023-08-03 09:27:23+00,other
8,1,2023-08-03 10:24:59+00,other
28,1,2023-08-03 09:40:59+00,other
370,1,2024-06-20 11:01:43+00,REEF field
363,4,2024-06-20 11:02:09+00,REEF field
374,3,2024-06-23 16:01:43+00,REEF field
378,1,2024-06-25 09:33:33+00,REEF field
375,5,2024-06-25 09:35:16+00,REEF field
381,4,2024-06-25 10:41:08+00,REEF field
380,1,2024-06-25 10:45:29+00,REEF field
382,5,2024-06-25 11:22:06+00,REEF field
379,6,2024-06-25 16:51:45+00,REEF field
387,6,2024-06-26 08:56:06+00,REEF field
386,3,2024-06-26 10:40:37+00,REEF field
385,6,2024-06-26 11:38:55+00,REEF field
388,3,2024-06-26 16:07:08+00,REEF field
384,6,2024-06-26 17:05:28+00,REEF field
389,6,2024-06-27 11:50:27+00,REEF field
390,3,2024-06-27 15:58:19+00,REEF field
391,6,2024-06-27 16:51:42+00,REEF field
392,1,2024-06-27 21:13:52+00,REEF field
396,6,2024-06-28 09:29:42+00,REEF field
395,5,2024-06-28 10:47:57+00,REEF field
397,6,2024-06-28 12:00:47+00,REEF field
400,1,2024-07-09 22:44:17+00,REEF field
398,5,2024-07-09 22:44:32+00,REEF field
399,1,2024-07-09 23:59:38+00,REEF field
401,1,2024-07-10 00:17:08+00,REEF field
402,1,2024-07-23 14:45:11+00,REEF field
403,1,2024-07-23 16:15:22+00,REEF field
405,6,2024-07-31 13:26:12+00,REEF field
406,1,2024-07-31 13:27:10+00,REEF field
393,1,2024-06-27 22:51:58+00,REEF field
407,6,2024-08-19 15:31:19+00,REEF field
408,6,2024-08-19 16:17:53+00,REEF field
409,5,2024-08-20 10:01:57+00,REEF field
411,3,2024-08-20 10:02:47+00,REEF field
412,1,2024-08-20 10:04:43+00,REEF field
415,6,2024-08-20 10:06:20+00,REEF field
416,3,2024-08-20 12:12:10+00,REEF field
414,6,2024-08-20 12:15:11+00,REEF field
418,1,2024-08-20 12:15:31+00,REEF field
410,6,2024-08-20 13:38:47+00,REEF field
417,5,2024-08-20 13:52:19+00,REEF field
419,3,2024-08-20 13:53:51+00,REEF field
426,5,2024-08-21 11:26:36+00,REEF field
423,3,2024-08-21 11:27:03+00,REEF field
422,1,2024-08-21 11:27:42+00,REEF field
421,6,2024-08-21 11:28:01+00,REEF field
429,3,2024-10-14 21:57:23+00,REEF field
431,4,2024-10-15 09:53:54+00,REEF field
433,1,2024-10-15 10:16:59+00,REEF field
432,6,2024-10-15 11:11:13+00,REEF field
434,4,2024-10-15 11:15:13+00,REEF field
430,2,2024-10-15 11:20:23+00,REEF field
441,1,2024-10-16 09:01:48+00,REEF field
438,4,2024-10-16 10:07:27+00,REEF field
446,5,2024-10-27 13:15:58+00,REEF field
448,5,2024-10-27 14:54:19+00,REEF field
449,4,2024-10-27 15:54:30+00,REEF field
447,2,2024-10-27 16:20:42+00,REEF field
445,2,2024-10-27 17:38:18+00,REEF field
444,4,2024-10-27 17:52:45+00,REEF field
443,3,2024-10-28 14:16:43+00,REEF field
450,3,2024-10-28 15:39:38+00,REEF field
452,1,2024-11-27 16:20:35+00,REEF field
451,1,2024-11-27 17:52:14+00,REEF field
458,5,2024-12-06 15:23:40+00,REEF field
456,2,2024-12-06 15:25:15+00,REEF field
457,4,2024-12-06 15:27:50+00,REEF field
440,2,2024-10-16 10:04:06+00,REEF field
453,6,2024-12-06 15:28:11+00,REEF field
462,3,2024-12-06 15:32:20+00,REEF field
463,1,2024-12-06 15:32:54+00,REEF field
461,4,2024-12-06 16:33:29+00,REEF field
455,6,2024-12-06 16:33:50+00,REEF field
459,5,2024-12-06 16:34:53+00,REEF field
454,2,2024-12-06 16:35:59+00,REEF field
460,1,2024-12-06 16:39:31+00,REEF field
479,1,2024-12-10 10:25:29+00,REEF field
472,2,2024-12-10 10:26:24+00,REEF field
464,5,2024-12-10 10:26:59+00,REEF field
468,6,2024-12-10 11:33:27+00,REEF field
469,3,2024-12-10 11:33:30+00,REEF field
467,5,2024-12-10 11:40:39+00,REEF field
473,2,2024-12-10 11:41:14+00,REEF field
476,4,2024-12-10 11:41:35+00,REEF field
475,1,2024-12-10 11:48:38+00,REEF field
478,1,2024-12-10 13:04:55+00,REEF field
470,2,2024-12-10 13:19:31+00,REEF field
477,3,2024-12-10 13:24:46+00,REEF field
474,4,2024-12-10 13:25:42+00,REEF field
465,4,2024-12-10 10:13:46+00,REEF field
471,3,2024-12-10 10:18:21+00,REEF field
466,6,2024-12-10 10:09:51+00,REEF field
317,3,2023-12-07 15:08:12+00,other
320,4,2023-12-07 15:08:39+00,other
318,2,2023-12-07 15:12:35+00,REEF field
319,3,2023-12-07 16:39:22+00,REEF field
316,4,2023-12-07 16:39:47+00,other
321,2,2023-12-07 16:43:41+00,other
332,2,2023-12-11 11:10:00+00,REEF field
329,4,2023-12-11 11:40:56+00,REEF field
330,4,2023-12-11 12:19:24+00,other
331,2,2023-12-11 12:35:08+00,REEF field
435,6,2024-10-16 10:05:18+00,REEF field
439,6,2024-10-16 11:45:19+00,REEF field
502,6,2023-08-14 18:54:16+00,pool
63,3,2023-08-29 13:40:11+00,REEF field
65,4,2023-08-29 15:43:36+00,REEF field
71,2,2023-08-29 13:36:56+00,REEF field
77,1,2023-08-29 13:31:52+00,REEF field
80,6,2023-08-29 10:54:00+00,REEF field
83,10,2023-08-29 10:51:01+00,REEF field
60,4,2023-08-29 16:18:18+00,REEF field
76,3,2023-08-29 14:05:47+00,REEF field
114,1,2023-08-31 19:51:21+00,REEF field
84,5,2023-08-30 12:00:20+00,REEF field
424,1,2024-08-21 09:48:15+00,REEF field
425,5,2024-08-21 09:32:49+00,REEF field
437,1,2024-10-16 10:44:47+00,REEF field
505,10,2023-08-14 17:45:59+00,pool
489,2,2023-08-14 19:00:40+00,pool
501,5,2023-08-14 18:14:23+00,pool
504,6,2023-08-14 18:56:25+00,pool
506,10,2023-08-14 17:56:17+00,pool
516,6,2023-08-18 09:18:34+00,pool
512,5,2023-08-18 09:15:35+00,pool
515,6,2023-08-18 08:58:07+00,pool
499,5,2023-08-14 18:07:36+00,pool
493,3,2023-08-14 17:25:09+00,pool
507,10,2023-08-14 17:50:59+00,pool
490,2,2023-08-14 19:08:53+00,pool
491,2,2023-08-14 18:39:36+00,pool
492,2,2023-08-14 18:36:59+00,pool
494,3,2023-08-14 17:36:17+00,pool
500,5,2023-08-14 18:20:02+00,pool
488,2,2023-08-14 18:32:58+00,pool
513,5,2023-08-18 09:13:44+00,pool
514,5,2023-08-18 09:30:00+00,pool
517,6,2023-08-18 09:08:17+00,pool
510,4,2023-08-18 14:07:33+00,pool
508,4,2023-08-18 14:07:33+00,pool
103,10,2023-08-31 11:24:08+00,REEF field
518,10,2023-08-18 10:04:13+00,pool
509,4,2023-08-18 09:53:06+00,pool
495,3,2023-08-14 17:30:26+00,pool
527,2,2023-08-14 19:02:33+00,pool
497,4,2023-08-14 18:48:45+00,pool
503,6,2023-08-14 18:58:05+00,pool
519,10,2023-08-18 10:08:44+00,pool
498,4,2023-08-14 18:46:26+00,pool
525,5,2023-08-31 18:09:48+00,REEF field
496,4,2023-08-14 18:44:00+00,pool
427,6,2024-08-21 09:55:29+00,REEF field
32,1,2023-08-03 09:11:50+00,REEF field
22,1,2023-08-03 14:14:57+00,REEF field
526,5,2023-08-31 19:44:47+00,REEF field
520,10,2023-08-18 10:13:00+00,pool
23,1,2023-08-03 15:33:42+00,REEF field
25,1,2023-08-03 09:24:36+00,REEF field
39,1,2023-08-03 10:29:30+00,other
522,3,2023-08-18 09:44:51+00,pool
521,2,2023-08-18 10:05:30+00,pool
20,1,2023-08-03 09:43:11+00,REEF field
