dive_id,unit,unit_dives,unit_dots,dive_dots,kind,err,cls
1,1,1,301,301,REEF field,0.05610711569345948,0.05-0.15 (usable)
5,5,1,16,16,other,0.3035018374592293,>0.15 (no)
15,15,1,27,27,REEF field,0.15365410226645543,>0.15 (no)
17,17,1,5,5,REEF field,inf,>0.15 (no)
18,18,1,25,25,REEF field,0.26541683069913424,>0.15 (no)
22,22,1,10,10,REEF field,0.40223497228965677,>0.15 (no)
23,23,1,5,5,REEF field,inf,>0.15 (no)
24,24,1,7,7,REEF field,0.4598614992446437,>0.15 (no)
25,25,1,11,11,REEF field,0.59044263624025,>0.15 (no)
26,26,1,8,8,REEF field,0.3336806201590825,>0.15 (no)
28,28,1,9,9,other,0.4640446512560912,>0.15 (no)
45,45,1,43,43,REEF field,0.137850352816142,0.05-0.15 (usable)
51,51,1,10,10,REEF field,0.3541997543695812,>0.15 (no)
52,52,1,8,8,REEF field,0.19476226903441735,>0.15 (no)
53,53,1,10,10,REEF field,0.26379698964904486,>0.15 (no)
55,55,1,11,11,REEF field,0.20969695739851846,>0.15 (no)
56,56,1,6,6,REEF field,0.6941916223673619,>0.15 (no)
57,57,1,16,16,REEF field,0.1833867879662447,>0.15 (no)
58,58,1,25,25,REEF field,0.12323455047831464,0.05-0.15 (usable)
59,59,1,86,86,REEF field,0.07631706750921416,0.05-0.15 (usable)
60,60,1,103,103,REEF field,0.06397255987536152,0.05-0.15 (usable)
61,61,1,69,69,REEF field,0.18836645499544616,>0.15 (no)
62,62,1,20,20,REEF field,0.1755238657078219,>0.15 (no)
63,63,1,20,20,REEF field,0.1963710969995164,>0.15 (no)
65,65,1,32,32,REEF field,0.13812858863450006,0.05-0.15 (usable)
66,66,1,51,51,REEF field,0.16188079841140146,>0.15 (no)
71,71,1,58,58,REEF field,0.13632930292493073,0.05-0.15 (usable)
76,76,1,91,91,REEF field,0.11822419181630334,0.05-0.15 (usable)
77,77,1,24,24,REEF field,0.13330775020047614,0.05-0.15 (usable)
80,80,1,35,35,REEF field,0.10248855465913578,0.05-0.15 (usable)
83,83,1,27,27,REEF field,0.13817095007439895,0.05-0.15 (usable)
84,84,1,53,53,REEF field,0.1803796429060046,>0.15 (no)
87,87,1,405,405,REEF field,0.09116181715181979,0.05-0.15 (usable)
90,90,1,128,128,REEF field,0.10706315343535686,0.05-0.15 (usable)
94,94,1,356,356,REEF field,0.09665560555847691,0.05-0.15 (usable)
95,95,1,132,132,REEF field,0.128710602823883,0.05-0.15 (usable)
103,103,1,214,214,REEF field,0.4019377552490803,>0.15 (no)
107,107,1,198,198,REEF field,0.6825830115618455,>0.15 (no)
108,108,1,1395,1395,REEF field,0.06662984102001238,0.05-0.15 (usable)
109,109,1,111,111,REEF field,0.06006807299747753,0.05-0.15 (usable)
112,112,1,261,261,REEF field,0.11500267871296724,0.05-0.15 (usable)
114,114,1,370,370,REEF field,0.030772099221957536,<=0.05 deg (target)
116,116,1,47,47,REEF field,0.17798068499599967,>0.15 (no)
118,118,1,127,127,REEF field,0.06784981712648225,0.05-0.15 (usable)
124,124,1,752,752,REEF field,0.01925120737938878,<=0.05 deg (target)
125,125,1,59,59,REEF field,0.1801856031298566,>0.15 (no)
126,126,1,219,219,REEF field,0.06430661690754244,0.05-0.15 (usable)
127,127,1,98,98,REEF field,0.10614447124389303,0.05-0.15 (usable)
129,129,1,49,49,REEF field,0.11706814100591706,0.05-0.15 (usable)
130,130,1,128,128,REEF field,0.1212766562800236,0.05-0.15 (usable)
133,133,1,73,73,REEF field,0.1026459678325779,0.05-0.15 (usable)
137,137,1,114,114,REEF field,0.12032196894574027,0.05-0.15 (usable)
138,138,1,149,149,REEF field,0.09461857499721464,0.05-0.15 (usable)
141,141,1,235,235,REEF field,0.041544328861924565,<=0.05 deg (target)
145,145,1,52,52,REEF field,0.11653505955182297,0.05-0.15 (usable)
152,152,1,133,133,REEF field,0.10749018857734433,0.05-0.15 (usable)
156,156,1,112,112,REEF field,0.06993495023388177,0.05-0.15 (usable)
160,160,1,175,175,REEF field,0.14792179681653297,0.05-0.15 (usable)
164,164,1,227,227,REEF field,0.11186518174111681,0.05-0.15 (usable)
167,167,1,124,124,REEF field,0.08268291177873889,0.05-0.15 (usable)
172,172,1,85,85,REEF field,0.10095671054213223,0.05-0.15 (usable)
174,174,1,321,321,REEF field,0.042730168223888136,<=0.05 deg (target)
177,177,1,854,854,REEF field,0.046605912663896014,<=0.05 deg (target)
179,179,1,482,482,REEF field,0.04554673743344843,<=0.05 deg (target)
182,182,1,50,50,REEF field,0.12490914301314358,0.05-0.15 (usable)
183,183,1,112,112,REEF field,0.12904751640406542,0.05-0.15 (usable)
186,186,1,68,68,other,0.07891662732863541,0.05-0.15 (usable)
187,187,1,33,33,REEF field,0.09347857343383342,0.05-0.15 (usable)
190,190,1,253,253,REEF field,0.053479540268979706,0.05-0.15 (usable)
192,192,1,77,77,other,0.10700888784898448,0.05-0.15 (usable)
194,194,1,194,194,REEF field,0.0710168529680121,0.05-0.15 (usable)
195,195,1,164,164,other,0.056557155596807934,0.05-0.15 (usable)
204,204,1,627,627,other,0.09530639465540536,0.05-0.15 (usable)
205,205,1,65,65,REEF field,0.1106586816929715,0.05-0.15 (usable)
211,211,1,525,525,other,0.05694690519416258,0.05-0.15 (usable)
215,215,1,177,177,REEF field,0.05281604784681263,0.05-0.15 (usable)
218,218,1,518,518,other,0.06669779719339729,0.05-0.15 (usable)
222,222,1,54,54,other,0.14239951035650572,0.05-0.15 (usable)
223,223,1,446,446,other,0.09080208547486893,0.05-0.15 (usable)
225,225,1,107,107,REEF field,0.10320564719680203,0.05-0.15 (usable)
227,227,1,361,361,REEF field,0.05608753993901887,0.05-0.15 (usable)
228,228,1,946,946,REEF field,0.026254122077439625,<=0.05 deg (target)
231,231,1,395,395,REEF field,0.07302991380449843,0.05-0.15 (usable)
237,237,1,131,131,REEF field,0.06689252842753432,0.05-0.15 (usable)
240,240,1,197,197,other,0.07100534331737475,0.05-0.15 (usable)
244,244,1,56,56,other,0.13250100701788278,0.05-0.15 (usable)
246,246,1,330,330,REEF field,0.04182522431178046,<=0.05 deg (target)
247,247,1,499,499,other,0.037366444816641545,<=0.05 deg (target)
249,249,1,283,283,REEF field,0.0653023524750981,0.05-0.15 (usable)
250,250,1,292,292,other,0.07232715741038831,0.05-0.15 (usable)
253,253,1,45,45,REEF field,0.13902964862312278,0.05-0.15 (usable)
254,254,1,21,21,REEF field,0.2313034934527321,>0.15 (no)
255,255,1,111,111,other,0.06697342223005609,0.05-0.15 (usable)
256,256,1,143,143,other,0.10151256602928352,0.05-0.15 (usable)
257,257,1,185,185,REEF field,0.1059453863697064,0.05-0.15 (usable)
259,259,1,75,75,REEF field,0.07440433437450819,0.05-0.15 (usable)
260,260,1,46,46,REEF field,0.0615662254401792,0.05-0.15 (usable)
262,262,1,201,201,other,0.08622811259145832,0.05-0.15 (usable)
263,263,1,114,114,REEF field,0.15676347497873766,>0.15 (no)
268,268,1,86,86,other,0.10357345929711939,0.05-0.15 (usable)
269,269,1,47,47,REEF field,0.21382361771345487,>0.15 (no)
279,279,1,86,86,other,0.07284027892702363,0.05-0.15 (usable)
280,280,1,166,166,other,0.08274489890840492,0.05-0.15 (usable)
284,284,1,96,96,other,0.21439598750437525,>0.15 (no)
286,286,1,347,347,other,0.07192173420592213,0.05-0.15 (usable)
289,289,1,85,85,other,0.07282099270308393,0.05-0.15 (usable)
290,290,1,147,147,other,0.1327328565286539,0.05-0.15 (usable)
291,291,1,228,228,other,0.12101676724384387,0.05-0.15 (usable)
295,295,1,65,65,REEF field,0.09636584596197817,0.05-0.15 (usable)
297,297,1,145,145,REEF field,0.09561287657732587,0.05-0.15 (usable)
299,299,1,291,291,REEF field,0.044746366236961974,<=0.05 deg (target)
300,300,1,275,275,REEF field,0.07278550236773562,0.05-0.15 (usable)
303,303,1,337,337,other,0.03467487149220333,<=0.05 deg (target)
305,305,1,118,118,other,0.13129612465652796,0.05-0.15 (usable)
308,308,1,163,163,REEF field,0.12098643481328497,0.05-0.15 (usable)
309,309,1,252,252,REEF field,0.047114011366630834,<=0.05 deg (target)
312,312,1,341,341,REEF field,0.05543287051830939,0.05-0.15 (usable)
316,316,1,129,129,other,0.07850771851271061,0.05-0.15 (usable)
317,317,1,75,75,other,0.16771178674783405,>0.15 (no)
318,318,1,415,415,REEF field,0.11840541975813706,0.05-0.15 (usable)
319,319,1,65,65,REEF field,0.26107945157085577,>0.15 (no)
320,320,1,229,229,other,0.06529890348425228,0.05-0.15 (usable)
321,321,1,295,295,other,0.06850998324287258,0.05-0.15 (usable)
329,329,1,54,54,REEF field,0.09213033428145734,0.05-0.15 (usable)
330,330,1,79,79,other,0.1828859971407384,>0.15 (no)
331,331,1,244,244,REEF field,0.06355833025301609,0.05-0.15 (usable)
332,332,1,78,78,REEF field,0.10404357312007548,0.05-0.15 (usable)
334,334,1,1240,1240,REEF field,0.029326734021183156,<=0.05 deg (target)
337,337,1,279,279,REEF field,0.136659404536415,0.05-0.15 (usable)
340,340,1,123,123,REEF field,0.09531196626962161,0.05-0.15 (usable)
341,341,1,266,266,REEF field,0.07303514590893521,0.05-0.15 (usable)
342,342,1,11,11,REEF field,0.5166849647361127,>0.15 (no)
344,344,1,92,92,REEF field,0.12327490509849495,0.05-0.15 (usable)
345,345,1,16,16,REEF field,0.2696258864549695,>0.15 (no)
346,346,1,10,10,REEF field,0.16975849821984015,>0.15 (no)
347,347,1,334,334,REEF field,0.035595935988843266,<=0.05 deg (target)
349,349,1,137,137,REEF field,0.06478997494803998,0.05-0.15 (usable)
350,350,1,64,64,REEF field,0.12359488467860055,0.05-0.15 (usable)
354,354,1,265,265,REEF field,0.056919151767941364,0.05-0.15 (usable)
356,356,1,7,7,REEF field,0.3947046090723911,>0.15 (no)
357,357,1,80,80,REEF field,0.10166121335916983,0.05-0.15 (usable)
359,359,1,11,11,REEF field,0.34682412221535475,>0.15 (no)
361,361,1,34,34,REEF field,0.1697596363536129,>0.15 (no)
362,362,1,376,376,REEF field,0.14864622049004694,0.05-0.15 (usable)
366,366,1,371,371,REEF field,0.155658172846927,>0.15 (no)
369,369,1,39,39,REEF field,0.1404450830047632,0.05-0.15 (usable)
370,370,1,267,267,REEF field,0.09481500008205988,0.05-0.15 (usable)
375,375,1,29,29,REEF field,0.1565995189829392,>0.15 (no)
378,378,1,7,7,REEF field,0.3317163645791593,>0.15 (no)
379,379,1,15,15,REEF field,0.12306097456568049,0.05-0.15 (usable)
380,380,1,9,9,REEF field,0.2786624580942325,>0.15 (no)
382,382,1,14,14,REEF field,0.1469942790023014,0.05-0.15 (usable)
383,383,1,13,13,REEF field,0.15198638921527005,>0.15 (no)
384,384,1,11,11,REEF field,0.1499867457412774,0.05-0.15 (usable)
385,385,1,5,5,REEF field,inf,>0.15 (no)
387,387,1,53,53,REEF field,0.09555470319086015,0.05-0.15 (usable)
393,393,1,134,134,REEF field,0.059210779679771355,0.05-0.15 (usable)
395,395,1,5,5,REEF field,inf,>0.15 (no)
396,396,1,5,5,REEF field,inf,>0.15 (no)
397,397,1,44,44,REEF field,0.13741710011631136,0.05-0.15 (usable)
400,400,1,13,13,REEF field,0.260430284677721,>0.15 (no)
402,402,1,10,10,REEF field,0.41317529076473614,>0.15 (no)
403,403,1,8,8,REEF field,0.6790328414813036,>0.15 (no)
405,405,1,6,6,REEF field,0.9013793776236421,>0.15 (no)
407,407,1,270,270,REEF field,0.05959256001444699,0.05-0.15 (usable)
408,408,1,79,79,REEF field,0.2100944544822802,>0.15 (no)
409,409,1,20,20,REEF field,0.12568061233378475,0.05-0.15 (usable)
411,411,1,21,21,REEF field,0.2999588139057252,>0.15 (no)
412,412,1,6,6,REEF field,0.3939258637204386,>0.15 (no)
414,414,1,5,5,REEF field,inf,>0.15 (no)
415,415,1,9,9,REEF field,0.2459360966813976,>0.15 (no)
416,416,1,9,9,REEF field,0.35811799103441444,>0.15 (no)
417,417,1,6,6,REEF field,0.33400569817690523,>0.15 (no)
421,421,1,157,157,REEF field,0.06415386779001765,0.05-0.15 (usable)
422,422,1,5,5,REEF field,inf,>0.15 (no)
423,423,1,6,6,REEF field,1.565853391988882,>0.15 (no)
424,424,1,125,125,REEF field,0.098349125200275,0.05-0.15 (usable)
425,425,1,107,107,REEF field,0.09985363316293505,0.05-0.15 (usable)
426,426,1,7,7,REEF field,0.25347179928284425,>0.15 (no)
427,427,1,106,106,REEF field,0.08472468880391998,0.05-0.15 (usable)
430,430,1,7,7,REEF field,0.18754483366490995,>0.15 (no)
432,432,1,5,5,REEF field,inf,>0.15 (no)
436,436,1,88,88,REEF field,0.043325787959695966,<=0.05 deg (target)
437,437,1,143,143,REEF field,0.04912357982265372,<=0.05 deg (target)
439,439,1,94,94,REEF field,0.0806715814639134,0.05-0.15 (usable)
440,440,1,926,926,REEF field,0.12599691858773304,0.05-0.15 (usable)
441,441,1,11,11,REEF field,0.1473002300954308,0.05-0.15 (usable)
445,445,1,23,23,REEF field,0.23920955003795324,>0.15 (no)
446,446,1,13,13,REEF field,0.15718299968635277,>0.15 (no)
447,447,1,21,21,REEF field,0.22687424067461906,>0.15 (no)
448,448,1,26,26,REEF field,0.09970001298547886,0.05-0.15 (usable)
451,451,1,11,11,REEF field,0.27043649836275907,>0.15 (no)
452,452,1,13,13,REEF field,0.46757347366785385,>0.15 (no)
453,453,1,8,8,REEF field,0.14556143084218928,0.05-0.15 (usable)
455,455,1,7,7,REEF field,0.19613930105853744,>0.15 (no)
456,456,1,12,12,REEF field,0.1644692941689693,>0.15 (no)
457,457,1,52,52,REEF field,0.1131458124865401,0.05-0.15 (usable)
458,458,1,7,7,REEF field,0.24170551235395527,>0.15 (no)
459,459,1,8,8,REEF field,0.36993607235496373,>0.15 (no)
460,460,1,86,86,REEF field,0.14167982121580558,0.05-0.15 (usable)
461,461,1,24,24,REEF field,0.2450248165474771,>0.15 (no)
462,462,1,10,10,REEF field,0.4191017096781905,>0.15 (no)
463,463,1,35,35,REEF field,0.09283250959531908,0.05-0.15 (usable)
464,464,1,107,107,REEF field,0.05616942153244579,0.05-0.15 (usable)
465,465,1,115,115,REEF field,0.1378451917664184,0.05-0.15 (usable)
466,466,1,71,71,REEF field,0.1354808634994359,0.05-0.15 (usable)
467,467,1,74,74,REEF field,0.07066640822038926,0.05-0.15 (usable)
468,468,1,15,15,REEF field,0.09793508057820732,0.05-0.15 (usable)
469,469,1,16,16,REEF field,0.16723770914892552,>0.15 (no)
470,470,1,413,413,REEF field,0.13584030588232396,0.05-0.15 (usable)
471,471,1,81,81,REEF field,0.13407482824400274,0.05-0.15 (usable)
472,472,1,88,88,REEF field,0.17003048025067985,>0.15 (no)
473,473,1,14,14,REEF field,0.15045776506984004,>0.15 (no)
474,474,1,23,23,REEF field,0.3453161568196441,>0.15 (no)
475,475,1,230,230,REEF field,0.11763160151004991,0.05-0.15 (usable)
476,476,1,14,14,REEF field,0.1348653695947012,0.05-0.15 (usable)
477,477,1,22,22,REEF field,0.07396577715261474,0.05-0.15 (usable)
478,478,1,51,51,REEF field,0.066563877038892,0.05-0.15 (usable)
479,479,1,94,94,REEF field,0.07454735572879093,0.05-0.15 (usable)
488,488,1,28,28,pool,0.09234045152808845,0.05-0.15 (usable)
489,489,1,50,50,pool,0.0864913826390576,0.05-0.15 (usable)
490,490,1,49,49,pool,0.10424260471457962,0.05-0.15 (usable)
491,491,1,29,29,pool,0.10633363610256258,0.05-0.15 (usable)
492,492,1,23,23,pool,0.11403952562392947,0.05-0.15 (usable)
493,493,1,30,30,pool,0.12279847718961603,0.05-0.15 (usable)
494,494,1,42,42,pool,0.07539378354569093,0.05-0.15 (usable)
495,495,1,33,33,pool,0.09147127227449564,0.05-0.15 (usable)
496,496,1,36,36,pool,0.13601263339715597,0.05-0.15 (usable)
497,497,1,43,43,pool,0.06367472658129981,0.05-0.15 (usable)
498,498,1,40,40,pool,0.07117442499843254,0.05-0.15 (usable)
499,499,1,54,54,pool,0.06317437506533846,0.05-0.15 (usable)
500,500,1,52,52,pool,0.08164016102920674,0.05-0.15 (usable)
501,501,1,52,52,pool,0.07939809441462573,0.05-0.15 (usable)
502,502,1,46,46,pool,0.1198668408324842,0.05-0.15 (usable)
503,503,1,44,44,pool,0.0890624154202091,0.05-0.15 (usable)
504,504,1,51,51,pool,0.0638097042440908,0.05-0.15 (usable)
505,505,1,44,44,pool,0.11101000018634621,0.05-0.15 (usable)
506,506,1,50,50,pool,0.06588304888516047,0.05-0.15 (usable)
507,507,1,47,47,pool,0.0880603157298524,0.05-0.15 (usable)
508,508,1,45,45,pool,0.08929183616681904,0.05-0.15 (usable)
509,509,1,239,239,pool,0.04638517413769436,<=0.05 deg (target)
510,510,1,30,30,pool,0.10979901955083897,0.05-0.15 (usable)
512,512,1,55,55,pool,0.07343317296327394,0.05-0.15 (usable)
513,513,1,43,43,pool,0.09087984886510406,0.05-0.15 (usable)
514,514,1,45,45,pool,0.07298828017019587,0.05-0.15 (usable)
515,515,1,58,58,pool,0.0822671723369344,0.05-0.15 (usable)
516,516,1,53,53,pool,0.06701220149873702,0.05-0.15 (usable)
517,517,1,63,63,pool,0.0555791268751046,0.05-0.15 (usable)
518,518,1,74,74,pool,0.0779146785024638,0.05-0.15 (usable)
519,519,1,55,55,pool,0.08911236780982756,0.05-0.15 (usable)
520,520,1,50,50,pool,0.0853053834573067,0.05-0.15 (usable)
521,521,1,155,155,pool,0.03217699494807959,<=0.05 deg (target)
522,522,1,256,256,pool,0.04359347239189777,<=0.05 deg (target)
526,526,1,209,209,REEF field,0.3225067787751621,>0.15 (no)
527,527,1,63,63,pool,0.08548636133066288,0.05-0.15 (usable)
